Timestam,Frequency,Signal Strength,Modulation,Bandwidth,Location,Device Type,Antenna Type,Temperature,Humidity,Wind Speed,Precipitation,Weather Condition,Interference Type,Battery Level,Power Source,CPU Usage,Memory Usage,WiFi Strength,Disk Usage,System Load,Latitude,Longitude,Altitude(m),Air Pressure,Device Status,I/Q Data
5/5/2023 0:00,120000000,-44,QAM,50000,"Patna, Bihar",HackRF,Yagi,24,47,7,10.90047643,Cloudy,Co-channel,100,TRUE,25,28.3,-77,18.5,4.30078125,25.612677,85.158875,59.46,,Streaming I/Q data,"[(-0.7204492334669581-0.13150053996590505j), (-0.3926827253539249-0.8993025456692934j), (0.0928841616651408-0.8159835412364065j), (-0.43417867116452613+0.6100610382324783j), (-0.9087659387147864-0.5270977132214645j), (-0.1599851859856971+0.586071706235473j), (-0.3526152744629423-0.47795780039996183j), (-0.31371136982863823+0.8964364046850646j), (0.4734905878961868-0.5906936556174811j), (-0.7541233218133303+0.6386091454230731j), (0.7633561651270269-0.5867757137018381j), (-0.018073230012125352+0.7889536156668844j), (-0.8136689152748868-0.47335097362927825j), (0.04613163397118103-0.668152054188752j), (0.1071017958541689-0.39181079400247243j), (0.9712649862913028-0.9349674429777335j), (-0.22580080869773989-0.040657828217764314j), (-0.9542580938472323-0.6157879656579652j), (-0.5252657738320654+0.7875311857466449j), (0.7290268415352348-0.44795587690232086j), (-0.13197563096475662-0.45139727309978794j), (-0.19325697155372912-0.040677925589494235j), (-0.9810073349943458-0.15215307853210103j), (-0.2648331683635208+0.6653230624606421j), (0.986249858461498+0.13107633461140855j), (-0.4577040608166174+0.9651029537789457j), (-0.8790266656454073-0.009838299961940855j), (-0.254317611810035-0.7748883689658639j), (0.7050426862767123-0.9772981280083193j), (-0.255291066115237+0.9355568312639035j), (0.7397436111414204-0.19974334500828816j), (0.6504881650738379+0.3744208053572413j), (-0.38203776796541344+0.773837671718558j), (-0.6308724704337207+0.4015264048589642j), (0.39361613604625156-0.7179207973732855j), (0.20296738981161466+0.2052187842140507j), (-0.6390318819487264+0.5889127153769202j), (0.5625238294341643+0.7380992324540703j), (0.9875343505267289+0.3206700805218823j), (-0.2927944057525085+0.6316432028825898j), (-0.6634166609818539+0.9597713834844102j), (0.10789697788940122+0.9939973995193632j), (-0.013067329535097816+0.02673954041720794j), (-0.9656764808384368+0.5878308924248652j), (0.6508339641035945-0.15266479372796482j), (0.3621131580589978-0.5628178444854604j), (-0.5202486519279372+0.9336935568878086j), (-0.2227863736355291-0.44403879155201853j), (0.4070483992027938+0.9794279502385717j), (0.5584238364965655+0.6432989541012237j), (-0.23826899622565767-0.6646792032749536j), (0.5430125389559304-0.9410791893261929j), (-0.619283291037733-0.9872963415555813j), (-0.16005309607619922+0.3495442006303364j), (0.5340788847499311+0.9425485415363326j), (-0.6333038095139589-0.5403051365289435j), (0.11551825433093588-0.8353668311103626j), (-0.5068105964646665-0.8103214926308724j), (0.5201958440834478+0.1821052552966167j), (0.802042451840435+0.19770220392020943j), (0.35313784551516836+0.40957902952071934j), (-0.8317569396219264+0.6826180272824034j), (0.2692850949225043-0.7901245879206917j), (0.8255760315712419-0.07747682748353935j), (-0.5967749026331661+0.6425074266005673j), (0.24817918259781369-0.5907420120982045j), (-0.15562476997386931-0.559866571997776j), (-0.5710412947944326-0.38851282320960623j), (-0.17874639245974877+0.129749848005265j), (-0.2418654439438721+0.6112002893443582j), (0.12377242217630946+0.9582169493639048j), (-0.1953059106187045+0.926085112836921j), (-0.2688199071912627-0.7588480184538615j), (-0.02368085258100261-0.43557198468026503j), (-0.750471818285249-0.407876160230892j), (0.9702960685422692-0.17455391250538055j), (0.43025808337961435+0.5270519357076171j), (-0.7785472442253203-0.6197193938730128j), (0.17274799880469738-0.26374452973249185j), (-0.2712154267689655-0.18794622834078334j), (-0.3491397679928976-0.8239709321892135j), (-0.3384776000433145-0.9889205620556505j), (0.47244344050389353-0.7124370116001673j), (0.4339823514505987+0.3266488430669392j), (0.3700534829079569+0.3393205953798093j), (0.42209865591636664+0.6576712133898699j), (0.8919497952222186-0.7267191999271196j), (0.7295916648291279+0.9045758896906899j), (-0.0011840076018900803-0.3839369668731736j), (0.3830658665789006+0.2645087658270817j), (0.760926678290962-0.766440872621049j), (0.5498252765178568+0.3227381123804822j), (0.7115673094385653+0.7615334805282079j), (-0.48393469414045676+0.5516098247744106j), (-0.8001739406052633+0.06408701645192294j), (0.5833182572174251-0.1525565465198968j), (-0.6533856220672505+0.011177047329678613j), (0.10735564625491367-0.16380357515072363j), (-0.2183016662851196-0.09826175271433191j), (-0.024589597616854864-0.9277093431048022j)]"
5/5/2023 0:00,160000000,-97,FM,1000000,"Patna, Bihar",HackRF,Yagi,27,39,16,46.46747205,Cloudy,Intermodulation,100,TRUE,0,28.3,-57,18.5,4.30078125,25.612677,85.158875,59.46,,Streaming I/Q data,"[(-0.9514742558373084-0.2713158600194827j), (-0.9328142763193541-0.6527806068823496j), (0.12916924985995726+0.5231541041699173j), (-0.9891989709470539-0.867307381610225j), (-0.27995249813763357+0.6630279333455924j), (-0.09284049321153787+0.20106467821782048j), (-0.2404169630833457-0.253293530238748j), (0.402498201895118+0.35125590839142773j), (0.9273677406183916-0.6777358484393503j), (0.3484000464303696-0.4251114360354262j), (-0.8681300200639559-0.9034470965659764j), (-0.5813397340926576-0.6480427947295371j), (-0.9247232420717171-0.9828824410856092j), (-0.9985415593701641+0.7899277418922215j), (0.1224561553373753-0.8195691057418331j), (0.43554537613777433+0.3376122653272806j), (0.7190879985554113+0.549026000758704j), (0.01325736400762545-0.5321004251445416j), (0.7276642667890787-0.2512912329710075j), (-0.5798861669120898-0.022038889468176892j), (-0.3302037303165035-0.35531579487977893j), (-0.49482104527099113+0.08846261764279473j), (-0.8395861053541738-0.5512665587980403j), (-0.6920706742916711-0.2985617764185091j), (-0.20024293601175125-0.44322954703009443j), (-0.27087337369763187+0.9802254144714424j), (-0.8303830989889673-0.8159001185375636j), (-0.39267292058834147-0.047885351275522625j), (0.7836155557406626+0.6631424576497316j), (-0.7856399207251934+0.6495471477102666j), (0.23249809541156186-0.31312904116124707j), (0.7201540214197577-0.634510407268045j), (0.18763764695124774+0.33961404801152484j), (0.39374509707748806+0.25683027660582214j), (-0.6363526946541023-0.9554076387966071j), (-0.06904549740398025-0.9226094110338932j), (0.9026298975011104-0.18999594189026014j), (0.3543531458684621+0.7268836250197277j), (-0.1276224022325365+0.9008154272776034j), (0.9751339598921809-0.9762894182055721j), (0.17437121775632414-0.4020290149328052j), (0.9647399810698118+0.24516776151039044j), (0.9938955949550969-0.002204884078445879j), (0.08611422081608788+0.5573058469625229j), (0.3023259382808705-0.7135475041781623j), (0.9370226087765072+0.561749808162503j), (-0.5066213464447149-0.3170651373854554j), (-0.3187863718133006+0.8224395403217546j), (-0.8285057087810039-0.09436035135560439j), (-0.8301622501504258-0.9224429639345095j), (0.2115945664212544-0.4495471439115768j), (0.6968017890834923-0.6315600349608943j), (-0.2554724903345116-0.03107720070655029j), (-0.19599306028162777-0.9754568846330696j), (0.8289381704770058+0.3593720197358643j), (0.9011804799048009-0.6120906333589498j), (0.0012985050248235375+0.5498404954981779j), (-0.9412088857710839+0.6602458455538252j), (0.37398064798753183+0.2610501514295924j), (-0.822896453873214-0.189046547221557j), (0.15763552917098989-0.7652893386864661j), (-0.9944697962985747-0.8445593354377503j), (-0.9984765963745723-0.24167740868597787j), (-0.41101270759636455-0.8642938955103987j), (0.5657660676729042-0.2892217945762836j), (0.7383688600161529+0.7190312040573175j), (-0.3323185853577866+0.2387473147282273j), (-0.965208805431093+0.9879367704281519j), (0.8586649807852891-0.48699120503828297j), (-0.9902485224863165+0.8244653610105135j), (0.515335389361512-0.8125028339825688j), (0.6999574529373453-0.2281474102639547j), (-0.3791235633167285+0.4502931391964451j), (-0.6870503955067531+0.8199058943570301j), (0.7989599074931946+0.5045318654926829j), (-0.4349238023318227+0.08118424509888467j), (0.9318361411582259-0.272338474761459j), (-0.5738947746636451-0.3251803146942749j), (-0.11148424630258025-0.8187024979592354j), (-0.4855154480506094+0.5724242075585724j), (0.3712025435004078+0.9313089253273599j), (0.713808509018087-0.5349628315124182j), (0.3907488310920737-0.017917669462794494j), (0.9415866332420204-0.8381999888307001j), (-0.6343769871794152+0.037716628636359495j), (0.6155095398595181-0.14733087844188475j), (0.23162915794536776-0.1876867380275924j), (-0.1975000437259904-0.599491871079554j), (-0.5657361031811148-0.23710823444504014j), (-0.6168207470931206-0.2279557449986347j), (0.6370447646941342-0.1885893172725297j), (0.631573436480531+0.9655393427983738j), (0.359413145330544-0.06580519491366976j), (-0.5810857329078096-0.20444761089984254j), (0.15204219189751722-0.026341048346725238j), (0.777351297910869-0.5286891537549745j), (0.5065589849198135-0.9630555946072816j), (-0.9063300362153268+0.5905782906592478j), (0.8897421571027897+0.39149496309845966j), (-0.04269788755826487+0.3584821689776536j)]"
5/5/2023 0:00,90000000,-87,BPSK,500000,"Patna, Bihar",Halow-U,Yagi,40,58,7,0.899703572,Rainy,Co-channel,100,TRUE,100,28.3,-20,18.5,4.30078125,25.612677,85.158875,59.46,,Transmitting beacon signal,"[(0.2227144792597957+0.958588241755097j), (0.27812666734706326+0.3687198311223636j), (-0.9821218453163678+0.912399290804373j), (-0.3957286919922185-0.7443997768097323j), (-0.09973267799917895+0.6842583483973237j), (-0.6834166029342708-0.013391227924272053j), (-0.42614286667803825+0.7102868511504246j), (0.21474082620414814-0.7509755205439805j), (-0.5184596872921405+0.8557337888260625j), (-0.10146565268852847-0.48147815352326684j), (0.4939271861928054+0.14908256224946737j), (-0.3942360970115508-0.2914472200130569j), (0.8992148786078416-0.2488998789633503j), (-0.6427984118685501+0.025970220195142613j), (-0.441462579631533+0.4502569448197211j), (-0.14058148658223635-0.18389485808039363j), (0.8729476196893824-0.4038704002631537j), (-0.5100221220701089-0.18717844693928454j), (0.9011533025939058-0.31109246723888173j), (-0.27510780118299105+0.1400809936812979j), (0.2603263744104436+0.842986788654954j), (0.4689308764905675-0.8034864529454049j), (-0.2353438412342317+0.5292642440555912j), (-0.44292451015966394-0.23963864094747156j), (0.09652334627542936+0.9914020709416882j), (0.5836782433657437+0.9513487133839804j), (-0.7325812555188365+0.3158071862232832j), (-0.7730366901818606+0.40640919831967715j), (0.778556651686344-0.14763701644073923j), (-0.6750953614649131+0.1389578687954005j), (-0.912164938249626+0.9108289243932692j), (-0.8464602048744527+0.02582062977964128j), (-0.6789021100913717-0.6655998913368617j), (0.6047075150634789+0.8192849680283847j), (0.1764979283335648+0.3473125573841995j), (0.3799722091184048-0.8166526227932855j), (-0.2725800444371058+0.48618787963730936j), (-0.20470113395678746-0.8720482213000531j), (-0.047569804837120255+0.8857916915083164j), (0.5290055153235971-0.5237449798316738j), (0.2683480886188647-0.97674191565428j), (0.35188046126643924+0.6268826341713818j), (-0.9666214343958028-0.22056260955495688j), (-0.6711073800228133-0.7111262643418912j), (-0.6901066032493217-0.7550273318346672j), (0.7634128917370597+0.3797141834688864j), (0.3962081758834355-0.7958191544670352j), (0.0011090534612627767-0.5528326926475275j), (-0.1678727551867525+0.9664739718365583j), (0.14526528680174922+0.02236488898540312j), (-0.32486079727606354+0.25068776467172804j), (-0.7392363956689418+0.052759263322031735j), (0.5735032539652567+0.5307622764452495j), (-0.30531780391809615+0.6276477218350731j), (0.12256466571529812-0.9502977761343474j), (-0.6006678294508674+0.27948539850151j), (-0.9675891877172444-0.39374940595001484j), (-0.5804455217176916+0.624151860641204j), (0.7683592190525861+0.10734834266481497j), (-0.03633794727890027-0.1918643212383102j), (-0.44444089732303005+0.5177236488547583j), (0.6384108112825311+0.534640123140073j), (0.9610461537206023+0.2243414414511553j), (-0.32332847335202053-0.21467577701997276j), (0.020564575212308478+0.7699733413088141j), (-0.48474133001580544-0.625091792988826j), (0.8321445619008139-0.9921854042956855j), (0.08340396469097389-0.5249626033785213j), (-0.03794269832148678-0.18786802540654102j), (-0.4012714916890827+0.980218227174001j), (0.43152891340606003+0.5770400530060522j), (0.8407663310901892+0.5850146557080298j), (-0.3627346133149063-0.05680090712916663j), (-0.6688676672367244-0.6596691158955434j), (0.34607719373540236-0.6945018527330133j), (-0.10885109089694622-0.5525021090188527j), (-0.984941696900679-0.2688624938659818j), (0.5987608407627107-0.19518863066187953j), (-0.23243846351231867-0.1935535708419993j), (-0.4606995015317916+0.38268300858172144j), (-0.7967818134267663+0.049433313830447245j), (0.317070263302452+0.807965679337173j), (0.47659074088856923-0.0061997388088643746j), (-0.3194893004624606+0.046528261197296805j), (0.6328490076581375-0.3829294772626688j), (0.8143620440094892-0.20269213604639713j), (0.2924944816095678-0.10263650873311647j), (0.7518576041956913+0.3048391803335311j), (-0.26311332551679945+0.3270851902286971j), (0.46883077014886543+0.5978714804513019j), (-0.604294157012504-0.5644274121770938j), (0.6889441325251524+0.03642252245882127j), (-0.8282861129578143+0.7200776379133063j), (-0.17241086195026756+0.7258964849253013j), (-0.48034135696146163+0.3510839601399054j), (0.6181377184890253-0.2946879868207031j), (-0.6446257410538041+0.5283943014785095j), (0.4410794224794483-0.8732625268834475j), (0.4537123395678837+0.2080802739412071j), (-0.5059682543710713-0.5330654046261685j)]"
5/5/2023 0:01,160000000,-29,FM,100000,"Patna, Bihar",Halow-U,Dipole,28,50,8,20.77124973,Rainy,Adjacent-channel,100,TRUE,25,28.3,-38,18.5,4.30078125,25.612677,85.158875,59.46,,Transmitting beacon signal,"[(-0.3238055039162817+0.855187296295747j), (-0.8743953300390352+0.5767883685403132j), (0.07550954555823974-0.16397715484441489j), (-0.9596124892841951-0.9133087578008254j), (-0.9249644535526174-0.8815852404579778j), (-0.01847108281458021+0.4630043082601445j), (0.3813420114559114+0.1886459259734048j), (0.07083054958999568-0.41022251806607635j), (-0.23100343278507385+0.20621062163925163j), (0.5816839364576685-0.3574839738468587j), (0.45828936864160186+0.7553657396303464j), (-0.9176531865616087-0.15381983513331532j), (-0.07777187432006305+0.5831436703071187j), (-0.34089083106884877+0.9794230846529617j), (0.7458999295933726+0.6594290198247343j), (-0.739380684036478+0.43056301759250926j), (0.27112723641048087+0.5311126880908872j), (-0.9705794995531007+0.8425179234659259j), (0.2945032921908657-0.7082919497928619j), (-0.0717319456771468-0.7726345605293876j), (-0.35546478459801967-0.9031925177173217j), (-0.19950720995286098+0.43998324269750433j), (0.6666476673059285-0.5044299072881695j), (-0.23912608839349758-0.650836262824144j), (-0.038412490042816216+0.13109296588650587j), (-0.10441183717336533-0.32182027839347427j), (-0.790471712288513-0.0762399154521134j), (-0.13249149660157133+0.2544254344588317j), (0.9005429664033728-0.9266479543364103j), (-0.04104988585095337-0.9303352397750664j), (0.37244844681380784+0.03036528528764726j), (0.4990089430478839-0.37151825603555855j), (-0.8438174212119212-0.47717105945532734j), (0.677444672085727+0.7069484245113282j), (-0.6595587438455581+0.3210427897418846j), (0.27355197985281166-0.4781292114142657j), (0.9907445422388572+0.5487477896972521j), (0.8183638903039117-0.39763368463136617j), (-0.26748206942433717+0.8101591965609332j), (-0.04861298048362506+0.7839605762097599j), (-0.6920938714945382+0.8934682440295922j), (-0.19070089018544034-0.5157320953505355j), (0.6214518331381145+0.5857310619351972j), (0.3058317247480098-0.49199288057541724j), (0.38374187299457474-0.4560042166276377j), (0.6682008666513335+0.9492562001744123j), (0.7327221089372162+0.15129966573440923j), (0.42105153560496866+0.5063156222611371j), (0.9845701600247876+0.5184863078321058j), (-0.9177072951087601-0.21456604078092156j), (0.7409184273562153-0.6860485728333958j), (0.3743416704326852-0.09034435106167238j), (-0.46252839163783355-0.800284746034877j), (0.34771310327065397-0.3281838881985102j), (-0.11842832233330691-0.2428781908919586j), (0.2734776292639485-0.4247029973173082j), (-0.2088001848117127+0.04251087251695562j), (-0.426141057408828+0.18088431871697552j), (0.7169193651490346+0.3676233979051071j), (-0.283661375925802+0.0367008452483959j), (0.44118722989731873+0.20650218938871j), (0.216088699151616+0.6888040902535313j), (-0.27235738083628824+0.41472721209557983j), (-0.42046273178682636+0.21013789673915673j), (-0.38859721962864047+0.2595640128471337j), (0.4568123522596006-0.10211357187533543j), (-0.4074503958607463+0.1984008682359748j), (0.8327484578287849-0.6637225300187399j), (-0.8976301415717989+0.6730732664494687j), (0.14633011248583228+0.40382825511946385j), (0.8145044115330398+0.5798119668255215j), (0.060958009818247394-0.12409619973556896j), (-0.73475694950487-0.5924785452689616j), (-0.35953121350858197-0.8059053770091384j), (-0.40471368342873815+0.23041853996639894j), (0.3572900455039265-0.5829431452558889j), (-0.8056940518514188-0.09979852317555582j), (0.30902378570201017-0.02539941558910952j), (-0.1695923739523677-0.2314060252300112j), (-0.014636064798034587-0.9699581650458939j), (0.11613305777757921-0.9198852500244303j), (-0.11306142518113993+0.6226186408502743j), (-0.457794472054194+0.1608032447361496j), (0.9724178106677224+0.023271740772013993j), (-0.0919910233597383+0.5612648777857479j), (-0.19445301488509048-0.3311184039968029j), (0.7959752694606614-0.21904233952303365j), (0.11258629924306685-0.37813180284297565j), (-0.5628474243715742-0.8251405874442415j), (0.8127858260484746+0.8568847113657592j), (-0.19335879988523486+0.33105206958140854j), (0.8034128457945915+0.1411052041272154j), (-0.21897654071275197+0.16312753221228093j), (-0.6888834675354147-0.21011233218281533j), (0.10378846041320577+0.5065123217558753j), (0.4252375089510103+0.45689282963576994j), (0.377458558788599-0.8752740294231651j), (0.8941702626255288-0.8688061312864259j), (-0.0924709870780469+0.5877809691419156j), (-0.5677996412120796-0.1146750775643759j)]"
5/5/2023 0:01,70000000,-26,8PSK,10000,"Patna, Bihar",HackRF,Omnidirectional,22,78,16,47.17473758,Rainy,Adjacent-channel,100,TRUE,0,28.3,-43,18.5,4.30078125,25.612677,85.158875,59.46,,Streaming I/Q data,"[(-0.30500282741187124-0.26473341302686326j), (0.6093723611042414+0.6233937187468133j), (0.019136707135372966+0.41128079891045477j), (0.07034490979490693-0.9304456953852067j), (-0.675117043517121-0.6059994905847312j), (0.005129754822863486-0.596073029253539j), (0.35575562064783117-0.20990935652613807j), (-0.419519859182901+0.17175799329664554j), (-0.030240528351551887-0.6291934012586622j), (-0.9302379470558948+0.8784147665956556j), (0.3105557148499669-0.6140667202397738j), (0.8193878794489551-0.11600189947799833j), (-0.04185955302382993-0.8075405592664147j), (-0.7128414326624941+0.32637740425947426j), (0.44594423650807524-0.27211756518291486j), (0.5034504175442136-0.5008143255240629j), (0.5967292273765625-0.8114043562684823j), (-0.520277761154059+0.5654770928257935j), (0.40870323812409204-0.6645710346922684j), (0.008263404609158975-0.1546277932926754j), (-0.5237875174986313+0.1150987422673102j), (-0.3927804507163535-0.6787924485858536j), (0.7558377306473143+0.8518653194186032j), (-0.20236228054308736+0.7173573165195868j), (-0.01662497697386578-0.07079885741912828j), (-0.9714763336452521+0.3650882626028371j), (-0.35312580228121493-0.22639100509934917j), (-0.9444710800482201+0.3498904895426842j), (0.19020558133574617+0.7163010115424164j), (0.22904714605148158-0.8302628882888168j), (0.6599182519311166+0.6639231886281851j), (-0.7779461224239981-0.7137853204397671j), (-0.8163960558318446-0.009144386075087496j), (-0.9137910728663001+0.1669777486665458j), (-0.8542647725327457-0.9881357816908285j), (-0.928836635974041-0.2956253179688857j), (-0.9099954866182145-0.059645961349279464j), (0.041144016716514686+0.4656479016848103j), (-0.8138433831220704+0.48154200291209115j), (-0.8092245449018967+0.39322715305549094j), (-0.5970215547059803-0.39798776102104627j), (0.32012106314131317-0.6713851166400389j), (0.697203883730626+0.6208521570469374j), (0.11322262912374459+0.869952270928076j), (-0.6609227333703172+0.4165357335026658j), (-0.9957321780043031-0.9378590272449072j), (-0.18407663316333833-0.5607652963886702j), (0.860775650206177+0.921972502134264j), (0.7043765118042264+0.3070549915620222j), (-0.7596498989044114+0.854121003020615j), (-0.16001464145080524-0.8608355850094436j), (0.2277040997302222-0.8432195472357267j), (-0.5994981509689572+0.8847286255869158j), (0.44185877958684094-0.6343007777023273j), (0.6420255011740605-0.8081213545904975j), (0.7425619808128172-0.4266863097345839j), (-0.5656731351865516-0.4368468732253099j), (0.7697153116419455+0.26823311751160017j), (0.06263310889107565-0.6940586681604428j), (-0.952077053810221-0.4995068162999181j), (0.1791363086711657+0.5948908580464296j), (-0.9008817860755944-0.31027045238244266j), (0.37902476028346377+0.46239580380372547j), (0.07387382756888594+0.5392203389824681j), (0.8485176126403959+0.7484111349743057j), (-0.057743445600494825-0.9102518906854091j), (-0.21895826086172065-0.6413625769926719j), (-0.07016934040842782-0.12972199927496053j), (0.31814173369137455+0.13934712465887666j), (-0.42002749781841864-0.18356640046635686j), (0.5886706521361287+0.574331461586586j), (0.965328707685333-0.03879326601813604j), (-0.7091443372097643+0.6510479887112848j), (0.7332928401729735-0.05793630080757817j), (-0.7230108576514109+0.2874065300133961j), (-0.7325658146634262+0.6418375037942241j), (-0.6022144188011616-0.07760033339507388j), (0.5054854925827772+0.8341321737998468j), (0.24019566471632858-0.27360832434280047j), (0.36092614514875043-0.6648159945837993j), (0.7418057221339276-0.8223413846521519j), (-0.43443814159691874-0.24228739033060243j), (-0.6110630522872456+0.8764857725348103j), (-0.3610670852600486-0.8181779674968308j), (-0.3962112521096657+0.7494408695480235j), (0.8212137847817105-0.08821930991585836j), (0.026240409276094168-0.05486214411181067j), (0.26459311983120615-0.6477948581940003j), (-0.7797070539827282+0.22245076252034224j), (-0.020921254764266983-0.25095272706095173j), (0.2739863472154982+0.0732033346427372j), (0.8051752056603187+0.08384664528592634j), (-0.6265070412459748+0.2999168844543101j), (0.02943659929329523+0.42868790645771515j), (-0.27363449983301846+0.08405778028063193j), (0.5352785347664768+0.9225659808568714j), (0.49646292885206367+0.11647655787846278j), (-0.1052276982285194-0.5856721419785089j), (-0.9405897723138934-0.5071972571694707j), (-0.8750373100384206+0.8373483574856362j)]"
5/5/2023 0:01,70000000,-22,FM,100000,"Patna, Bihar",Halow-U,Dipole,36,66,5,25.98180371,Rainy,None,100,TRUE,100,28.3,-64,18.5,4.30078125,25.612677,85.158875,59.46,,Transmitting beacon signal,"[(-0.6789380359364201+0.7975241983616685j), (-0.35228045274882924-0.8996834751643628j), (-0.9550910147004559-0.0837167025682577j), (-0.17476741532301499-0.048893417268756734j), (-0.8760840998347974-0.7023646582719543j), (-0.9001292368632667+0.583644159917555j), (0.5461679277345648-0.7371579468706178j), (0.9140037102901275+0.11359548738038194j), (0.06230411714499429+0.32161684407362623j), (-0.06897520362652187-0.40988917086774923j), (-0.04024212564717211+0.33312474695136807j), (-0.39474947812312955+0.4784686105922702j), (-0.26435410122792713+0.3773398120943001j), (-0.6867681733666613-0.8171468584072985j), (0.949999833762067+0.586243915697662j), (0.042850587927425465-0.27827659889476664j), (-0.3214407270173605+0.46506987086039064j), (-0.4516676551418417-0.3194229464936571j), (0.36583146462125327+0.20822111536849164j), (0.15033708760069753+0.11118118300463942j), (0.48076921592288624-0.34746488446395296j), (-0.4474221678981902+0.870330775948815j), (0.9148585247825718-0.40074134526625427j), (0.04578431240503433+0.3127753737956569j), (0.99756150915784-0.8466103090663197j), (-0.29453784014985107-0.08865075001689249j), (-0.14871510946697497+0.9592741794013322j), (0.3148663508497085-0.9382292157524688j), (-0.5462620736394457+0.0029283249478633255j), (-0.8367264757804136+0.4650071074855249j), (0.30901452237743254+0.3352339515543392j), (0.3761777481592399-0.6271468064333625j), (0.0349759275979058+0.828642451092501j), (-0.30833166726020744-0.35211507722424473j), (0.8490088495955024+0.2796969203897528j), (-0.8207610463670154+0.7873680527502878j), (-0.6016183853446311+0.5171999150396656j), (-0.2040024375462801+0.29527781085667115j), (-0.5936523013324724-0.4073999020019239j), (0.9744230244143139-0.5657920078077321j), (-0.48006547386507736-0.5334419895105829j), (-0.41020275223223224-0.9520042871080725j), (0.024663535127312564+0.863781360572663j), (-0.7292821336430952-0.28812736016840734j), (0.10151099531380892-0.591730513975433j), (0.5900433293451313-0.46111313656612274j), (-0.7749087584154555-0.9138469915618488j), (0.009038704999473568+0.21854471197679337j), (-0.5440576037123817+0.8070378964958014j), (-0.23179123397566603+0.39851721162552733j), (-0.04180755247183221+0.8621585124524234j), (0.983270194304606+0.4908429664816767j), (-0.27070646158028144+0.1356097795128388j), (0.11605426329550417+0.9131601358587811j), (-0.44322430712312855-0.9044915590010745j), (0.5386906120251929+0.5397333004742211j), (0.8461414685825448-0.2928803948354535j), (0.7632821463988309-0.8649971568895951j), (0.7670087316180656+0.651118730848596j), (-0.1526834419332137-0.9628302993996689j), (0.7330064972206036+0.43662096744067447j), (0.10016593013005659-0.31332855848469365j), (-0.9860697050893001+0.8126656604550861j), (-0.5539147346510052-0.3524926169220721j), (-0.568151888281166-0.6141446274056215j), (-0.9831200389252777+0.5057317204850225j), (0.8262843389327665+0.2991996030275008j), (0.5685705319670191-0.7550601544241196j), (-0.3694711532295887-0.0017035234510542896j), (-0.7163151410090827+0.12716805677984322j), (-0.5742839996749898-0.49640855514122384j), (-0.19323808084102834+0.750465608277038j), (0.9140752701756656-0.5042349548740208j), (-0.4203300889723609-0.8393994404774319j), (0.387250338082352-0.5652321799749627j), (0.7709489929871809+0.7612394850783029j), (0.9950150478817512-0.3646195808892676j), (0.08921921160318869+0.27835571252151414j), (-0.6249693727167684-0.9319543584430583j), (-0.018052010200504398-0.18556909839753621j), (-0.18464066318977745+0.8518377974932938j), (0.6111885271813355-0.2290848123942557j), (-0.3047449355015843+0.14730448361874537j), (-0.4537357867203511-0.07641162358074927j), (0.7536334455182101-0.09416862904099621j), (-0.37041254536476487+0.1051894884373481j), (0.3405417966391129-0.60441441002657j), (0.9774367539916107-0.09678692158217173j), (-0.4481283122059183-0.5407430013491499j), (-0.8827298208331242+0.6123383834841933j), (0.19444948940804463-0.3306838464188999j), (-0.41541586679752696+0.9958975912294503j), (0.6224342733505404-0.8454050078640014j), (-0.43148541019313646-0.035718976098254585j), (0.005650204861286978-0.2438028287075258j), (-0.06381491497585468-0.44821593905090085j), (0.29750887550090743+0.13889945018069683j), (0.732198398517421-0.4459528774331274j), (0.6061792396917685+0.3718360680210757j), (-0.8209782732653139+0.8789153835805918j)]"
5/5/2023 0:02,90000000,-3,BPSK,50000,"Patna, Bihar",SteamDeck,Dipole,31,54,11,30.6706575,Sunny,Intermodulation,100,TRUE,0,28.3,-6,18.5,4.30078125,25.612677,85.158875,59.46,,Running game,
5/5/2023 0:02,70000000,-43,QPSK,500000,"Patna, Bihar",Halow-U,Directional,24,74,9,27.19473429,Sunny,Adjacent-channel,100,TRUE,0,28.3,-15,18.5,4.30078125,25.612677,85.158875,59.46,,Transmitting beacon signal,"[(0.0737271867505711-0.33426283316425565j), (-0.9576307066847245-0.5073417008449195j), (-0.5459273344473365+0.49122346847859055j), (-0.21003259085519388+0.8671037213637489j), (-0.7423351080179956+0.4493893187836644j), (-0.8724551443706519-0.34300854060493613j), (-0.12728282967056215-0.5328811075037638j), (-0.07359871047531152-0.14114368799928245j), (-0.8345788436939969-0.29514471968246037j), (-0.5597196164906078-0.39059307000506327j), (-0.501613107261953-0.8795651976138972j), (-0.8516463544904793-0.24774194808889582j), (-0.49235709013238504-0.013019844875658437j), (0.7436362434965924+0.4707554184649587j), (0.3308331158880089-0.23770603136201962j), (-0.03376744166874501+0.5207637299671442j), (-0.09699601226209387+0.13328760907095982j), (-0.9236596837516295+0.9926932175487257j), (-0.43984268541081084+0.29902463139879765j), (-0.49243911970608845-0.06429366388655278j), (0.6843809082826218+0.4231251362779116j), (0.5955433138394393-0.4289804214961832j), (-0.9942589111493312-0.16144683787061598j), (0.95754760314072-0.7693788640634651j), (-0.48216593046473566+0.6284890461283203j), (-0.27048691745209275+0.4578831089269533j), (-0.18757484167828653+0.8557152020475123j), (-0.1970024825483876-0.7031623566630767j), (0.7795554055509779+0.13546751059617845j), (0.21901507250965002-0.9536016328693531j), (0.36570580283081866-0.3278694810003586j), (-0.004346720816271077-0.43668274994768064j), (0.786382411563562-0.7934507082881075j), (-0.061547689161242314-0.1279434092168492j), (0.8877384680084297-0.07332504498741099j), (-0.22968536082769675+0.22672909487079962j), (0.08142422049796338+0.9937902053183725j), (0.258184361947559-0.28368994520491353j), (0.9520100965974017+0.028934801849354708j), (-0.36878694743038487-0.9077365691489752j), (-0.09765242788820361+0.5910503306218904j), (-0.6848914048661336-0.4532421590455804j), (0.7719260584533085+0.7970502424394588j), (-0.8831142498506312+0.47745744393512957j), (-0.4659152846051151+0.4232690917156441j), (-0.9223449608585299-0.4329448143982304j), (0.617583942095856+0.6953151743119126j), (0.11049219126198828+0.16025484607100426j), (-0.34225293187158745-0.09621107835967146j), (0.24298730903373134-0.21508970806170868j), (-0.881471057856402-0.20864460520190642j), (0.27711091009039324+0.6090449306367312j), (0.7096778209035626-0.8548862219427362j), (0.08854349239430714-0.14366279174744578j), (0.2933624551793401-0.667355846952802j), (-0.2994110441302791+0.9843507543696286j), (0.06873217062425607-0.2827630966774535j), (0.676069515715833+0.16425873485441045j), (0.750825097133077+0.5147744457742038j), (0.10282966446330488-0.6572549232474705j), (0.4075482367824703+0.7939258441316026j), (-0.048612227497313976-0.3415437727333781j), (-0.4583682150141908+0.6163138122077829j), (-0.957026902033671-0.18050429471404894j), (0.6724673536063466+0.5734472274415616j), (-0.40253744100182653+0.581905814824417j), (0.5947659190170083-0.24992320657641853j), (-0.6801699316781997+0.35476898092894005j), (-0.8939530372482081+0.5986122709853179j), (0.24514627898006713-0.6596835121173557j), (0.4526406185750673+0.9262217332873057j), (0.7915559792879465+0.3595777150136701j), (0.8243495237011063+0.2667351148342163j), (-0.5877322081425664+0.9331083623277983j), (-0.20573021400977498+0.601352970092613j), (0.6354167311735326+0.47198243086958414j), (-0.19518097758761344-0.16282394046614046j), (0.5627975447045868+0.643857383718891j), (0.01997362269756442+0.053437188832642146j), (-0.551326054828267+0.039402648171680044j), (-0.5741264515854547+0.05159820272796689j), (0.3968595442613283+0.709291984282169j), (-0.1719418277492215-0.21595755558834062j), (0.22390531639306732+0.9334758994914267j), (0.6125294524796501+0.16726888209866853j), (0.7243399121493854+0.358036871901968j), (0.11144034843053952+0.0392594338494614j), (-0.8583674564518402+0.8444368920976899j), (0.5811319168143878-0.7442037322490491j), (0.01409620782233012-0.09111465441972011j), (0.5519525191883474+0.9279964494761908j), (0.715490476038078+0.31535622265890995j), (0.13874562853839034+0.6805612106543382j), (0.7793364885187144+0.22193040365605943j), (-0.7230117719120939+0.5945139524872385j), (0.9863021000025132+0.5812407708910563j), (0.31546324338543696-0.4702374822024604j), (0.8058597997678958-0.08320899930501313j), (0.59506786568658-0.9750557784499807j), (-0.30100617784243+0.4754292388985344j)]"
5/5/2023 0:02,160000000,-81,QPSK,10000,"Patna, Bihar",HackRF,Yagi,23,57,20,30.10947944,Sunny,Intermodulation,100,TRUE,0,28.3,-12,18.5,4.30078125,25.612677,85.158875,59.46,,Streaming I/Q data,"[(-0.0669189841615061-0.4879377967252807j), (-0.9057710300772965+0.40397075446214226j), (-0.9860353299853013+0.020361037710144858j), (0.8018977266071057+0.09925136267040835j), (0.9659074632390845+0.03531887437112213j), (0.778103192070865-0.895152614147551j), (-0.09376152905486745-0.7446504939807723j), (0.5032799617288886-0.7601111676823338j), (0.23861892121313222+0.18601813269292156j), (-0.871961444045483-0.6474980875277041j), (-0.7568445005039466-0.46288141220701884j), (-0.5441591303195239-0.10487769435800964j), (-0.7783248877403177-0.9671185485719538j), (-0.1552375239198267+0.4834979477432939j), (0.6414510857799134+0.5249537641244122j), (0.7245414309329237-0.8258457689775653j), (-0.42606010057917376-0.19946206963115265j), (-0.4164570502382643-0.20898720181113695j), (-0.28249323655172454+0.6435604383587885j), (0.5581962252288777+0.5342402127725672j), (-0.03510644838593824+0.13735270694307333j), (-0.12627470757922588-0.5675700321438004j), (0.9151709160502104+0.40865955644307905j), (0.5141075164928506+0.37165763232387805j), (-0.32179806475148176+0.47718997437853683j), (0.15340801595992626-0.7041631549471254j), (-0.04073641193128252+0.9285125507637468j), (0.5510507109863285+0.4005287380258544j), (0.5217293475939841+0.2659169257019234j), (0.6614256642547625-0.33505995965643165j), (-0.01538599872609736-0.10784857086607325j), (-0.994807337308667-0.6689773741482437j), (-0.5247647426177844-0.5870238427631942j), (0.7568705410830348-0.8256536354924993j), (-0.17574326535880958-0.7473410589441107j), (-0.3155692909274215+0.7873795644211996j), (0.7140708435633192-0.40582505723806594j), (0.034916189937482134+0.9865834873416992j), (0.8973341583277636-0.53081015711215j), (-0.7537756105165181+0.655491914489696j), (0.9381675620763417-0.8650877669255177j), (0.8494095357370235+0.8443288400989759j), (0.7425998612919171+0.48028379636101515j), (0.03130517821307177+0.11865466945222969j), (-0.31681792836747924+0.6159665379557575j), (-0.4539028724045058-0.10006138881771376j), (0.06335115228583366+0.2587158019491407j), (-0.2598348842989624-0.20307784967756826j), (-0.888495070334594+0.6184381116966429j), (-0.7677445210184874-0.9418326784964153j), (-0.36912061123870266-0.1445285179399145j), (-0.14341390910419283+0.08445380801577018j), (-0.6747920615986915+0.4169633841666498j), (0.6090909401206437+0.3417323288025138j), (-0.6395341011810343-0.0003528034701747451j), (-0.9937391244069089+0.20293741716986213j), (-0.7735149388921587-0.6023764853614428j), (0.14268281671384697+0.3691627410880538j), (-0.0075203059730832855-0.46074002731844077j), (0.0941321225295817+0.10441409225469589j), (0.8951577428972741+0.017345055692047362j), (0.547067165010036+0.17933767805320144j), (-0.4210307886124991-0.6554121589979034j), (-0.3599943240655399+0.5636669097943146j), (-0.5450413007519488-0.14338804251704196j), (-0.8679141508263724-0.21541273857931853j), (-0.3518586395700296-0.9702570530772887j), (0.6946017121462196+0.2018789487224908j), (0.16018712865522167-0.867831646673143j), (0.061498965133652383-0.03861151181031186j), (0.45987465686703954+0.9044227877766136j), (0.5148206027147801-0.6863328042103158j), (-0.04448974473879708+0.5017357650710472j), (0.4771898911536876-0.16113465750696587j), (0.6710232136348477+0.8735681619961873j), (-0.10912317472402977+0.7070536468197701j), (0.481912609574348-0.8434963943913198j), (0.352231500071684-0.10762348518416043j), (0.2312336029162143+0.3380378275293743j), (0.5925483404694118+0.2930462563759946j), (-0.49399831683525-0.4642889550528486j), (0.4313555831864273-0.9787789540049765j), (0.4798781462698849+0.6438708204735402j), (-0.06685641513507834-0.9912342723784784j), (0.1446827179133796+0.8512223048502068j), (0.48829616702140677+0.330535043985386j), (0.6266174112449148+0.2401905241518043j), (-0.6492390550603884+0.19003093296151063j), (0.6832619392614878+0.004575846406697837j), (-0.4487737843936228+0.5474895221879055j), (-0.3400961235182496+0.7527044919988277j), (-0.9435536578636523-0.25799042857418497j), (0.09875090296518207+0.39706883379450897j), (-0.7918688234902977-0.09838628568500773j), (-0.9783957214098418-0.8990832612814472j), (-0.4300710107840573+0.06092742452354449j), (-0.22228824553724325-0.8948391519785015j), (0.6113224935848378-0.9172654708402248j), (0.015001448991547983+0.07445390329874813j), (-0.13760301080300086+0.026022978267760566j)]"
5/5/2023 0:03,90000000,-75,QAM,500000,"Patna, Bihar",Halow-U,Directional,20,56,20,48.63064825,Sunny,Adjacent-channel,100,TRUE,50,28.3,-88,18.5,4.30078125,25.612677,85.158875,59.46,,Transmitting beacon signal,"[(0.9440488793932615+0.3980878331808888j), (0.8508887446823805+0.07921952613592032j), (0.17272174654817274-0.3959373637373471j), (-0.15408898323891318+0.41771132623370333j), (-0.30095992274562566+0.021114204190072705j), (0.34967042498010503-0.5045608163358273j), (0.7717094490423855+0.4466304946272073j), (-0.0931057957713326-0.9256573405121893j), (0.08010047615088633+0.830248149264269j), (-0.39033959078577274+0.18490273699880677j), (-0.47821948551859395-0.4229123294916284j), (-0.2529626499897504-0.6333284470454916j), (0.7757262561668985+0.7922511395011811j), (0.0028277573636237285-0.5309740025682588j), (0.8277525355152233-0.38793344690975995j), (0.5984983562148241-0.466958956639415j), (0.25344942486706246-0.35390686488108103j), (0.7082056556122249-0.16799717071557652j), (-0.5977528823427998-0.8925177881545141j), (-0.7884613025244251-0.03141199981530951j), (-0.39267896706645233-0.6356824611282177j), (0.9626784083431617+0.5672912090938687j), (0.5236493167195597-0.5122537627141668j), (0.2354771425193687-0.8095855009982234j), (0.42419422458529565+0.043453875973058276j), (-0.1385096629871656-0.18603486418692694j), (0.07496526829838146+0.3926670196849984j), (-0.725964084908737+0.3779238900813373j), (0.4198013569297201+0.8211856797674537j), (0.3612211947920798+0.9908814351723723j), (-0.7792547106378942-0.37524493139929627j), (0.9638566772594765-0.23235858570157575j), (-0.004266302603307404+0.4639839936138386j), (-0.09618382259961655-0.29317925252257604j), (-0.29763216277082893+0.22866447270738544j), (0.20546684101624946+0.9256463122014074j), (0.2452550411033081+0.15649654192678386j), (-0.43272488439276335+0.4757274670326559j), (-0.8869620727200207-0.560581287137867j), (0.34488395203086775+0.04158264236299147j), (-0.6739283313021636-0.698318298697336j), (-0.10944028357281921-0.8916045126681817j), (0.8063947662889084-0.8122729731125884j), (-0.464104951040335-0.7067280834561869j), (0.9945027704866225-0.6400832385003115j), (0.11765683010912142-0.004397039959129545j), (-0.4035156555907544+0.8192954237646566j), (-0.21247672625932834-0.8688560314381493j), (0.3291462498826052-0.7070445032637989j), (0.17662608142447755+0.559456931632571j), (-0.0037296736228698+0.32300776127383424j), (-0.3305317549736344+0.5937653610836056j), (0.7257992361501513-0.18877984772009904j), (0.025402100880235423+0.5687487627566992j), (0.5532845200297787+0.3136709259759154j), (-0.13179458498677032+0.8131980381626767j), (0.05408564145829331-0.3600954059159416j), (-0.17176408431268952+0.3377452308299209j), (-0.2744592423901637+0.763582124734405j), (0.31880702002862926-0.013940881691732132j), (0.4873624775846106-0.7743278756500602j), (-0.7398106888269727-0.5722878888696725j), (-0.612091246514354+0.19008335804468657j), (0.4590553564273403-0.07655036307702234j), (-0.43082769029234824-0.5404352860630257j), (0.494665739614218-0.30358736624639904j), (-0.9044880234044725+0.8191602708779766j), (-0.5226617698648428-0.8676310785886203j), (-0.9469202325963832-0.28279859849744016j), (0.7624154803962007-0.8042942602226417j), (0.960336875984853+0.830502239571834j), (0.5227992050659709+0.42124172190472886j), (-0.8652711149139505-0.24141254508839416j), (-0.6689651453957612-0.9911584397120767j), (0.5060231822889789+0.36100231618568746j), (-0.4851931821005311-0.8985194848098985j), (0.4924148652140794+0.24067031212214718j), (-0.3785558657768635-0.09646689415757814j), (-0.5710145700824634+0.5516392512765169j), (0.5703117735429071+0.26808088109147454j), (0.24646098118928017+0.9495452438241496j), (0.5199714359804966-0.9379697445282771j), (-0.4946806467897351+0.5909148593302589j), (-0.8529524679826304+0.036253777162713385j), (-0.22473704236627978-0.22590886833105506j), (-0.5594818104789392-0.7889344192976457j), (-0.42467913683748093+0.6169971130439484j), (-0.7131749002380732+0.7933638196356099j), (0.26031871882632673-0.6175023085521427j), (0.9049504339917609-0.8860276705797456j), (0.9465073506438486-0.8345594196479287j), (-0.6172335913286684-0.8731922195263884j), (0.06980857159916853-0.9739201530775548j), (-0.07794739678314877+0.3124688769327013j), (0.6477699919635884-0.8019127903768348j), (-0.9833214181476901-0.30787553523175193j), (0.5744051740663014-0.350044449713397j), (-0.7218925535917973-0.08834177852142666j), (-0.06946222737631635+0.7640904272756315j), (-0.5418065105635617+0.28394731532318174j)]"
5/5/2023 0:03,100000000,-69,FM,200000,"Patna, Bihar",HackRF,Directional,22,50,3,11.52941094,Sunny,Intermodulation,100,TRUE,0,28.3,-69,18.5,4.30078125,25.612677,85.158875,59.46,,Streaming I/Q data,"[(-0.14157322502671565-0.44486432467086034j), (-0.5203113171846006-0.5149920613385359j), (0.802297833107563+0.09492988008767655j), (-0.46474154802295664+0.5160684028974358j), (-0.05825780648359302-0.2664572610169924j), (0.00102834104830829-0.11342452490116806j), (0.9539779094519749+0.6225924844350796j), (0.9185529774256609-0.39518949687385896j), (0.2371605512623065-0.4426087937860248j), (0.08244475872459955+0.5515871892107906j), (-0.07458483426304485-0.3484361379127172j), (0.6506104216822064+0.9713754496932487j), (0.40512006505310083+0.5711919328036816j), (0.19426975453149087-0.23047270930046304j), (-0.04001529436139606-0.44795299061321514j), (-0.917162170599195+0.297406364488072j), (-0.11274638782802171-0.572990095049976j), (-0.0643154205345775-0.41670555016972677j), (0.6156052169354409-0.7500500613157197j), (0.24825598589767872+0.4904711091698497j), (0.4949943486417505-0.20814083100389058j), (0.3277645057361307-0.9490443522124141j), (-0.6383307888536438-0.062234023937976835j), (-0.8521643332679454+0.11841475252376488j), (0.2399354557108917+0.04595674555482865j), (0.9754480687557794-0.9607307819025717j), (0.3177114434577286-0.29657072901588366j), (-0.7266502580417553-0.6016720434502338j), (-0.7922997836911994-0.055427737588651604j), (0.7178561871653206-0.6414954393203907j), (0.7746443370777083-0.8868707966804377j), (-0.5265912630819662-0.8407204822514216j), (-0.3316384634572631+0.41810008841740287j), (-0.3466929138733057+0.9460044720606857j), (-0.5383362018251883-0.011861379575987208j), (-0.5233016984681329+0.7538072639006179j), (-0.24369301619553752+0.24414197619886568j), (0.10181059833999417+0.6043501956752104j), (-0.6910032021391235-0.878239769758949j), (0.6437954412753211-0.4118361790624041j), (-0.6665654837272941-0.8991610657150269j), (-0.9168408577555818-0.7202160031194753j), (-0.7200017967736374-0.10412681546647029j), (-0.8027962100796409+0.7030974102387808j), (0.9258310271619101+0.3777591043485189j), (-0.6900245234862437-0.579299147763356j), (0.0205773480160083+0.7095968893638605j), (-0.041472866543690534-0.7902956481623571j), (-0.7876889077413445+0.2534137875025455j), (0.9649626515749754-0.8548528315384469j), (0.6378960563417304-0.23127887685008908j), (-0.24165246421236097+0.5941442652300299j), (-0.6942938776647363+0.5643472347014287j), (0.20941822563271328+0.8337922980387789j), (-0.7804249730590258+0.1330001252727686j), (0.3401154429268447+0.47029608299444536j), (0.6815945963355119-0.11539397453009625j), (0.35187127549909136+0.33486029187373245j), (-0.577598940843141+0.4538324113138039j), (0.5225029309557259-0.8161140905018713j), (-0.824120463627235+0.7839606247995892j), (0.5017835661130061+0.028673471756017976j), (-0.5682354646644217+0.07069534621260698j), (-0.01617877095107545+0.10396270015970699j), (-0.9143855425020218-0.6191445754153213j), (-0.34095541685982056+0.09138563248555953j), (-0.9487493948688925+0.2252279436674529j), (-0.5233526642243096+0.4478568890532071j), (-0.8662804771830297-0.8987597772394909j), (0.4093831934096508+0.3552482760871627j), (-0.8421484053317128+0.0646197686535741j), (0.9334494317798097-0.2531350092469207j), (-0.28791664901777003+0.60671605546136j), (-0.7828770872566868-0.3434347548249417j), (0.5182092767103477+0.11028836010085485j), (-0.9299885705182622+0.462515028005555j), (0.1863718411701154-0.8302173991035662j), (-0.1459961126937277+0.7737394124411185j), (-0.9084767377131802-0.7056249151131453j), (-0.7948753524215677-0.6884140571618063j), (-0.9211902280711564-0.43758186381637043j), (0.9165029921773391+0.9893753147403164j), (0.8483141459920129+0.76522837240107j), (-0.1965294900505028-0.4290460287263871j), (-0.5018866710179126-0.9479117276843443j), (0.5065863930668775-0.40290437253561495j), (0.28580138448378234-0.18985388288452976j), (0.5304444014526493-0.9465555526002414j), (-0.6162911043676575+0.5543285114592491j), (-0.2719766417054701-0.6742631273717672j), (0.2656059151203505-0.9986929700319263j), (-0.7374657327571947+0.16817910822894366j), (0.22584768020736168-0.4977342731004466j), (0.18674471332977438-0.01432751744020111j), (-0.7319072483565217-0.27058203607917086j), (-0.07988322828216443-0.2574249251636991j), (-0.09439352202670159+0.9287264117753669j), (-0.7308146241148494-0.8094406198143407j), (0.5663698020062624-0.639146823780147j), (-0.21908215823534838+0.4388761244925976j)]"
5/5/2023 0:03,140000000,-42,8PSK,200000,"Patna, Bihar",SteamDeck,Dipole,37,55,4,31.44566026,Cloudy,Adjacent-channel,100,TRUE,0,28.3,-85,18.5,4.30078125,25.612677,85.158875,59.46,,Running game,
5/5/2023 0:04,160000000,-34,BPSK,1000000,"Patna, Bihar",SteamDeck,Dipole,26,29,6,36.57197027,Rainy,Co-channel,100,TRUE,0,28.3,-59,18.5,4.30078125,25.612677,85.158875,59.46,,Running game,
5/5/2023 0:04,90000000,-84,QAM,1000000,"Patna, Bihar",SteamDeck,Yagi,28,55,19,37.79054848,Cloudy,Adjacent-channel,100,TRUE,50,28.3,-21,18.5,4.30078125,25.612677,85.158875,59.46,,Running game,
5/5/2023 0:04,90000000,-19,8PSK,500000,"Patna, Bihar",Halow-U,Directional,35,75,7,28.1472338,Sunny,Co-channel,100,TRUE,0,28.3,-14,18.5,4.30078125,25.612677,85.158875,59.46,,Transmitting beacon signal,"[(-0.4474840393621615-0.6210885388433018j), (-0.454034026983823-0.14798776798071334j), (-0.5000449421363156-0.3768585950085588j), (0.4460806309620293+0.5922152667385532j), (-0.5007433312240441+0.5220505221614611j), (0.7990725782825321+0.8790049049323261j), (-0.895523442801847-0.302020598955399j), (-0.15931116733330586+0.8140853863851749j), (-0.4017916134152235+0.37295651245680816j), (0.7245450456044444-0.11729509525437298j), (-0.9340319513670392-0.6522244213860098j), (0.0660990147971181+0.17197227967253137j), (-0.352331566441225-0.8554778033242219j), (0.962795204875609+0.9258135487372765j), (-0.7863050691563263-0.3934571984917563j), (0.34469508280325645-0.8559788803800148j), (0.9512952552905416-0.745554442252097j), (0.5803143770971833-0.27268035782193323j), (-0.02814340853042352+0.3858377599257403j), (-0.7957712840253548+0.07505820414734643j), (-0.2298030380008953-0.28514295599730266j), (0.11977691941517188+0.8650288482071551j), (-0.4608652975715035+0.5497502500357088j), (0.42684417225446114+0.4775525234257523j), (-0.3343915781194835-0.37521152250144296j), (0.21192530594147518+0.2039072573185099j), (0.3074205821860423-0.7101990757950254j), (0.8143019874553257+0.4355340228482292j), (-0.5330363504355884-0.7739902643901166j), (-0.6967551701394421+0.2664511350193386j), (0.24946431216573273+0.7528516604944546j), (0.8810892943265607+0.7952896099430489j), (0.9589986882381343-0.2547261328783681j), (0.6006213916144274+0.8209474694450951j), (-0.6879936159766464-0.16807000330952349j), (0.06112469987129576+0.8696077398598097j), (-0.04246696974322561+0.2832607009767163j), (-0.11907391787103117-0.07470778362780717j), (0.6393972241679782+0.7858096149171221j), (-0.37047062642726436-0.10235571218545769j), (0.03156565570861458-0.13845815503134062j), (-0.8349459293132115+0.8927361356248791j), (-0.8124619418742764-0.602528207535417j), (-0.38844971259708916-0.8380051342745742j), (0.41741810919917466-0.7856246429972096j), (-0.21158052616674405-0.09523426323529494j), (-0.762680446575648-0.6466133536458654j), (0.27330651960995334-0.4778447923195537j), (0.1915276491330744-0.10720456621863739j), (0.8078949458685796-0.7198218646643042j), (-0.32767574365595076+0.7192075252754655j), (0.2884785792307185+0.5170425717869152j), (0.8573915197224802+0.3627033188969375j), (0.24021170091706567-0.42573411217696044j), (-0.18461182965043155-0.7319751994953823j), (-0.6310590601804908+0.2676625350274717j), (-0.3348112968958099-0.9152483557486726j), (0.6414695594786703+0.015656619729164767j), (0.21051360699045252-0.6786010284798041j), (-0.943275891261723-0.8182176735636817j), (0.7485272476120639-0.08641321923582201j), (0.99701041008828+0.9486176283537884j), (-0.07599334887685294+0.4888610780073497j), (0.659820694017337+0.8092932527296366j), (-0.6285408275088158-0.9244443440788996j), (-0.5871484479964162+0.7708968099929558j), (-0.7277650342028741-0.9494711086610292j), (-0.8327190199582217+0.8754736849965663j), (-0.9789324686730079+0.24812930615675977j), (-0.29861084232206503-0.7728640519806889j), (-0.5347250123942402-0.046648420549806335j), (-0.9380745890475495-0.6292226842519453j), (-0.5275577644036948+0.7908143168720654j), (0.9040974631816303+0.23227094400417436j), (0.3430583605791857-0.835440465746627j), (-0.8791916257756291-0.3905888350824469j), (-0.9721545587058971+0.4298630243976187j), (0.3785714707822154+0.006801533804168702j), (0.6990269077383766+0.39483247878019356j), (-0.7762156316598718+0.034467892762428454j), (0.9485151368094054+0.13120708727131714j), (0.23861846623761673+0.9244105636147242j), (-0.40312413846377426+0.20813556041772663j), (-0.6804364410499575-0.6309331112392793j), (-0.8733995302247473+0.5489499155968551j), (0.8407090350712387+0.7013123982782594j), (0.6906061194822855+0.5458276967790969j), (0.7392713950312955+0.6605988508821634j), (-0.9965162923809714+0.38807059056813187j), (0.3672118082339053-0.5209273741739142j), (-0.5308807942622209+0.5061051045928717j), (-0.3321465714670224+0.591721595905456j), (0.5981934801142437+0.6493048216313537j), (-0.3381138542690736-0.32422859327571874j), (0.5493884102988629-0.5129474610788582j), (-0.530397000823579+0.7419258073895894j), (-0.49757213425612434+0.608959098522343j), (0.01441759313544555-0.5179334364803596j), (0.26661981222084674-0.5694869895936931j), (-0.7561363157550955+0.8460799921660349j)]"
5/5/2023 0:05,120000000,-76,QPSK,1000000,"Patna, Bihar",Halow-U,Yagi,24,72,11,14.62801538,Sunny,Co-channel,100,TRUE,50,28.3,-1,18.5,4.30078125,25.612677,85.158875,59.46,,Transmitting beacon signal,"[(-0.6137762514455156-0.8800429036125448j), (-0.8288672321983896-0.7200370862741479j), (0.2526058169059553-0.3427071883380617j), (0.8151945008290822-0.6601617260099018j), (-0.5194881289728586-0.07594499367917074j), (-0.8150442701017311-0.3110170052319794j), (-0.12416923616842102+0.6704810857979704j), (0.7866541666310831-0.41719595917425756j), (-0.7860401365273977-0.6316518946026324j), (0.9073472984421009-0.31009564855764404j), (-0.0017504770959624327+0.3468467455865558j), (0.6787321162659838+0.061922217563753046j), (-0.6469615468025702-0.5656982148061414j), (0.26717160224024084+0.8866105235056869j), (0.4782699398892636-0.2016458201981044j), (-0.3345152131978886-0.1555727658832391j), (0.6608052310349952+0.6827604626852424j), (0.5045851474586838-0.47669588688120546j), (-0.49246314896071497+0.7500153276346397j), (0.44970007639928333-0.4359265150543934j), (0.64762434451033-0.9496934812561599j), (-0.8321260084813897+0.4669091339452196j), (-0.46646060339895024+0.48842925884478894j), (-0.9238462201665951-0.00958471888024559j), (0.6599069272312299+0.22033998577741865j), (-0.03234676661787894-0.6710632067195379j), (0.2606194464861016+0.821205407519628j), (0.1458202532087136+0.5924010893054588j), (0.9992902246414379+0.26493133090178667j), (-0.511197808843417+0.9970503520445617j), (0.6432658206956758-0.7965801001894997j), (0.6217120080814988+0.30914382678853536j), (-0.41030925401507234-0.22112616961433673j), (-0.1666102003675316+0.8700780614858206j), (-0.5338999073409285+0.7476858456285496j), (-0.08498169930308674+0.0642258127322779j), (0.9880518261811058-0.8393394207115232j), (-0.8059502243055432-0.8632722127370223j), (-0.8868282491855737+0.0964422650486827j), (-0.242773537210226+0.1525968867022267j), (-0.04175278068984278+0.05176696744406417j), (0.15931533676797116+0.31127759583335735j), (0.945641592106989+0.2971821658589069j), (-0.1787078534309705-0.47544037976805464j), (0.396448635233003+0.27278756710225327j), (-0.7000306256153073-0.5868052324857642j), (0.7840710783831066-0.24505503522658878j), (-0.5200272795864656-0.6686782621684577j), (0.2970449350661193+0.9155953569078161j), (-0.5675375030651466-0.9450147308734882j), (0.5817116719036008+0.24022559083524864j), (0.961675556001675-0.49882349300302975j), (-0.4574434186393439-0.9115258908788924j), (-0.9359965582367258-0.3143430027705032j), (0.9932338224483444+0.9894136114630903j), (-0.949322818769718-0.9548028815421647j), (-0.7145907360870452-0.6671743509438566j), (-0.6677342617922906-0.11407843177216215j), (0.13228713048684226-0.8405145260544007j), (0.264677635721712-0.9970600322320278j), (0.5774520304880637+0.6816704236063311j), (0.9858225380334735-0.565875471714077j), (0.5257460427302381+0.8576987487103358j), (0.7418016846668212-0.9228473701076296j), (-0.22084501502834808-0.16823849943254832j), (0.12516736805059603-0.45491934809207035j), (-0.11262238003785074+0.9667390245529497j), (0.7655293018375904+0.6463456437194064j), (0.9458535690721803-0.4699800733364532j), (-0.27647014794092417-0.5714098106268626j), (-0.7646900647295696-0.4693150423903376j), (-0.08580010059435161+0.7749007378435437j), (0.17003330846088516+0.4176677939920497j), (0.39040295242955203-0.00012859290465239148j), (0.9207294808032971-0.29905131981968447j), (0.7181640535628098+0.08365654609625661j), (-0.7562308380488845+0.3448696134530542j), (-0.8182733741774517+0.8215293090254081j), (0.5033503918813196+0.9422747721959113j), (-0.022457499388015334-0.7546194580342056j), (0.5325619882464834+0.9253063024745294j), (0.9249551326204755+0.41862735142600105j), (0.42016840223708174+0.2170005095545966j), (0.4349927698769256+0.4470047314480894j), (0.5465207820902209-0.06820142587080413j), (0.33436001884019495-0.8297900829262832j), (-0.16246174769020416-0.36105169924696723j), (-0.7919076104343179-0.1912494253530066j), (-0.7328636875121417+0.25284829428191413j), (0.15358320456448427-0.935439327424008j), (0.010635987939036973-0.4244969477158187j), (-0.8762711314975111+0.8501514629335278j), (-0.5933067176030971+0.4878521590411291j), (-0.09764678034293062-0.7847952275726879j), (-0.7975972287986299-0.933306536683957j), (-0.8927967633093299-0.5193969988427714j), (-0.6729123156713372+0.10330932097585732j), (-0.3112015812211375+0.29515883650285146j), (-0.5204073705915757-0.32428738977803473j), (0.5512889864305217+0.2817260072940555j)]"
5/5/2023 0:05,90000000,-2,QPSK,500000,"Patna, Bihar",Halow-U,Yagi,20,73,13,25.41659422,Rainy,Adjacent-channel,100,TRUE,0,28.3,-22,18.5,4.30078125,25.612677,85.158875,59.46,,Transmitting beacon signal,"[(-0.4461303398560681+0.6143727921251954j), (-0.6317709779237901-0.28208752211975074j), (-0.4939486940757767+0.38875723303412j), (0.366384781097695+0.3643984208619002j), (-0.3985049401050771+0.4797778984896517j), (0.03917763036087818+0.7444068087716753j), (-0.44469211589621027+0.7276112667314325j), (-0.9874846275423685+0.015301629333396072j), (-0.38453588909806213+0.46274097930690217j), (-0.18969725176492735-0.14178730926012295j), (0.43659338072604714-0.4583501519581388j), (0.06670110622284287-0.38620507837317386j), (-0.3959789570136716-0.3813863947452123j), (0.49261777119936+0.5882922870845746j), (0.5947257338063081+0.39029053670265434j), (0.9509006224898313+0.11957667881209666j), (-0.6151783673283466+0.9656241758042623j), (-0.4348252119835174+0.9667953208903113j), (-0.5736850342841142+0.5915177954817765j), (0.8947054981153941-0.3520595615532487j), (0.011316291860468564-0.34770138004308815j), (0.5027489025051985+0.7856423928771363j), (-0.6999102015768301+0.21374360524802882j), (-0.9219690209156586-0.7743075127412273j), (0.6917373478185995-0.7592326795585389j), (0.7210994803412287-0.018761888419087214j), (0.7476638644552771+0.6389601347054328j), (0.8648162217924011-0.16336548034468956j), (0.8958101436908956+0.07230200085047844j), (-0.7821151905801826+0.2942602769711995j), (0.3006424740385709-0.7428306828296878j), (0.9182776101745544+0.2313869404836011j), (0.6218678573197265+0.8056837172799811j), (0.18293942295997545-0.18808165647301123j), (0.1788731090675184-0.20249470455119667j), (0.11456350251931213-0.8312131013867854j), (0.5855288280470754-0.08788405407707844j), (0.9095969232260825-0.3999597343106023j), (0.29902398428049604+0.7170031651090552j), (0.6398417358451352+0.36903254753862025j), (-0.3444036944668831+0.11970679603062373j), (0.9623829006367541+0.8625116030409277j), (0.6948624815208202-0.1576706498599656j), (0.8592044699374599+0.08757012014162702j), (-0.2998168160809487-0.46757718915568125j), (0.9823673358588536-0.9686692610777825j), (0.7166434424867294-0.3809024891479613j), (-0.16000572810314861-0.26107180351970727j), (0.11957911858713066+0.7558567746813305j), (0.4785563298492044+0.5744832346056266j), (-0.9921047755356442+0.6034452295406894j), (-0.8726981899995918-0.11902161362354935j), (-0.3623747249195477+0.5276488293112387j), (-0.5536314109676932+0.3420266433326209j), (0.9813148080936367-0.8799547870577054j), (0.18043584985800742+0.7107211420234101j), (0.9362824825784128-0.3025355082960073j), (0.31700578886349295+0.43297813043365596j), (0.16230783902524593+0.8207445336209773j), (0.7321395601059639+0.4890474536862246j), (-0.02290026355109065-0.013440831669310871j), (0.0015054540371322034+0.00862689330787636j), (-0.8068493622857602+0.4214593552459709j), (0.8879492153392456+0.41297294846880606j), (0.17928070032695387-0.14268441796130316j), (-0.10316581925640045-0.8309548140394742j), (-0.8588487010687291+0.624391008273099j), (-0.7518633807558008+0.3794301241926248j), (0.9128454506045034+0.35812125311117193j), (-0.6754456367485018-0.9907821892570892j), (-0.07209258509931682+0.9593791281230089j), (-0.5876433965081924+0.5623184110771866j), (0.19258823405079895-0.29877995737367913j), (0.9254511769473122+0.30730615301392317j), (0.6367049853759719+0.1434781767726514j), (0.39030661272358835+0.4923447054333907j), (-0.4782942545199751-0.6681132108694625j), (-0.7545797231317-0.9314796546125075j), (-0.3716592970086674+0.9972325550167083j), (0.6734629405472443+0.15255811211082193j), (0.6042761067137794-0.2847899095075508j), (-0.12030699086045415+0.684944340868129j), (0.15804738821100917+0.2827349977137208j), (-0.9722387229926674+0.11673811337769902j), (0.5417136426516878-0.36887049864006594j), (-0.9062328551908989+0.6416277009633105j), (0.3969133412760073-0.062197100931388416j), (0.22428502213216372+0.359254617995568j), (0.21024827796944878+0.859962566304378j), (-0.5362686751683328+0.21056882515968045j), (-0.7058083481260446-0.04276342596914562j), (-0.4584696461531872-0.7982234441323484j), (-0.7714394900302892-0.44025774646601445j), (-0.9832078239054025+0.28232113795518843j), (0.9876171193339851-0.4001694369219366j), (0.04114674295520815-0.021678901598969125j), (0.7785639932534942+0.8604201886507812j), (0.8787040401743091-0.8426901807629676j), (-0.1828163112479808-0.7559416098935108j), (-0.3796808698707943+0.6100385994018738j)]"
5/5/2023 0:05,160000000,-18,QAM,200000,"Patna, Bihar",Halow-U,Dipole,36,67,6,34.07197728,Cloudy,None,100,TRUE,0,28.3,-27,18.5,4.30078125,25.612677,85.158875,59.46,,Transmitting beacon signal,"[(-0.8483312596125534+0.7407162850347635j), (0.19744982283086054+0.0006203434121008211j), (-0.7811747094712076-0.4247956277547187j), (-0.4783188057497372-0.6208702487027906j), (-0.5590210488463228+0.394982162335507j), (-0.5435705971857041+0.7786076480735178j), (-0.4032853730053383+0.31567394089103384j), (0.9361326463452777-0.5219911385936609j), (-0.957962207547771-0.8648780286915638j), (-0.4858399868431682+0.9092544962636167j), (0.7155397412986684-0.42420299976869735j), (-0.08266910479691769+0.25956471951175875j), (0.847011949598903+0.8262151757436345j), (-0.044825926398116334+0.3850253005838449j), (-0.7269347944230871+0.937422804143091j), (0.4979665056138607+0.6470184880407224j), (0.6385451708154131+0.0012678946060316054j), (-0.310930564691974+0.7308987208126254j), (-0.1575096472161277-0.6298113830159859j), (0.4087114164782195-0.6988340295782312j), (-0.9083101413487211+0.5035413919855918j), (-0.3990485357120086-0.8144096737494901j), (-0.7475907790776628+0.3514797097650746j), (-0.5774250662061085-0.47203209893607045j), (0.5213955232395486+0.1929138044035874j), (0.2200026321117443-0.3664992112764507j), (0.9923401278701327+0.3273147300863444j), (-0.019315122113285232-0.5539903213355468j), (-0.138788278489679+0.3963707491565638j), (-0.29390665851194653-0.7869357211006345j), (0.03353053350532509-0.13620102251744814j), (0.8873399003750693+0.891535257841642j), (-0.37848462131337746-0.7043931063445579j), (0.34427611344818176+0.4741124969623278j), (0.5549477121982924+0.6909142396947947j), (-0.6808156250740705+0.033062998894039186j), (-0.10050091855712151+0.30025250155397165j), (0.49788096648814006+0.2975169483971327j), (0.13002159533422653-0.34226804731895877j), (0.6695400962559614-0.012949093625600261j), (0.1273768236782986+0.4362341181757652j), (-0.2828689795346002+0.20882298926092213j), (-0.5025906968695113-0.19458065481925613j), (0.27214800329431044-0.19607662016395588j), (-0.31245202606191014-0.9213297665072055j), (0.1090607709013034-0.43884866852981297j), (0.5668639558091937-0.7032955787314368j), (-0.8876537171168124-0.9341324391757393j), (-0.4962507546304127-0.29370473569863953j), (0.21854171798104183+0.8910175127085114j), (-0.9812674987452488-0.3539969291475302j), (0.30876207358282914+0.8261094726341847j), (0.19210829051521627-0.9808812174859523j), (-0.8952236994824876+0.34772316183586893j), (-0.9210855754516718+0.39809404361381495j), (0.8596580780595546-0.011193007640590391j), (-0.9870136548619626-0.28110746370698125j), (0.763314903247851+0.35070929295428077j), (0.7583687422418741+0.29832451488897704j), (0.0045581899378592805-0.5736105300689771j), (0.5950742681859706+0.8467163681375647j), (0.7438406059610863-0.6249898643637075j), (-0.6249574777308247-0.7622364604219594j), (0.13962160602431695+0.1052656962418308j), (-0.04379340516744712-0.8480640718286441j), (0.6944146674780105-0.08810839390508085j), (-0.19381542490236048+0.23104102246836855j), (0.5187694189400958-0.7916008912832839j), (0.00849529388010839+0.5091359655225756j), (-0.2975115562782056-0.3691881219456752j), (-0.08296869168517662-0.05599181167589884j), (-0.6243747308435372+0.6436065473728654j), (-0.650190841561082-0.23621163198832185j), (-0.4196418989580233+0.5277124828477695j), (-0.17454801821573973+0.8575488321329983j), (0.07611947829746679+0.562187277868631j), (0.5774476929304604+0.31335696682627256j), (-0.23751154136262098-0.43714332259717836j), (-0.9546311301163493+0.2929583788701944j), (-0.5369259966625488-0.8656785893596524j), (-0.6782976579579763+0.741068171248231j), (0.3669866869022209+0.6884442523764451j), (0.7185912377121935-0.6994451889895272j), (0.2650665554211833-0.5100880064056923j), (0.1550793841539746+0.35953924825700856j), (0.23018357012991997-0.5200856180139357j), (-0.6568869177977199+0.4286387707709587j), (-0.1267563839092658+0.8022910990373835j), (-0.5485484835783778+0.9566737582761642j), (0.8518037280151098-0.8096445706329163j), (0.439571777498484+0.1716463383086242j), (-0.7546457929598358-0.22987939931602308j), (-0.42375407436103374-0.362367815287326j), (0.6098203315390718-0.8647072065414543j), (0.8370837192697693-0.24518326912834887j), (-0.14458375322259354-0.5817997643936046j), (-0.21054784041803343+0.8562164135080848j), (-0.7920038841103105-0.6994093131716341j), (0.09438522465731003+0.12125628828570134j), (-0.17452826198863414-0.2214580398641619j)]"
5/5/2023 0:06,100000000,-68,FM,200000,"Patna, Bihar",HackRF,Dipole,25,51,8,7.657541289,Sunny,None,100,TRUE,0,28.3,-33,18.5,4.30078125,25.612677,85.158875,59.46,,Streaming I/Q data,"[(0.02452477688459176-0.6712827422138243j), (-0.7170176298658741+0.19054423880840732j), (0.0840756099345179-0.7490708792326801j), (0.9911536102611003+0.2086282019671457j), (-0.5141214830919125+0.7847638154994985j), (0.5141805216049979-0.134184387561052j), (-0.9196223997533322-0.5486395320270048j), (-0.8154067961685643+0.2007327640430283j), (0.6258862899545798+0.42550491307317473j), (0.13241908566976557+0.6184730482246292j), (-0.7391346846388636+0.8807398343751038j), (0.9185296636769538-0.7660668252246325j), (0.3516606737354615-0.8180841391453622j), (0.9314637134373218-0.960888379856516j), (0.853970204862956+0.34526654291302905j), (-0.8737445609472876+0.3063095542278491j), (0.0634118934661887-0.269772711374364j), (-0.08998317801492761-0.004704988621016648j), (-0.4807744146950066-0.9500252244302083j), (0.6945783997320047-0.8764886315282279j), (-0.5963284408351093+0.9087929261465073j), (-0.2400409906832972+0.15826953692471402j), (-0.8851688138745204-0.13175065071225722j), (-0.34570470631919226-0.7742784891140009j), (0.4184253600195593-0.38189738822904573j), (0.7306341734387793-0.1710970788319821j), (0.3602267879314023+0.3601119069807184j), (-0.5612800935992368+0.5006600219241488j), (-0.1652092381046948-0.3212412039919039j), (0.12616367251603156+0.4616567044682003j), (0.09716295158681021-0.7385183600813678j), (0.08959044649815828-0.9180663524652686j), (-0.1691933820357847+0.6570042285721014j), (-0.7528238789006949+0.9112709680777993j), (-0.5322502719885671+0.7041773400177793j), (-0.07437457850637785+0.861675825096023j), (-0.48136318812856205+0.36772089395933194j), (0.17241425597850601-0.59474577708632j), (0.5372934474234456+0.6330958714089212j), (0.22812026509925132-0.5453609247750852j), (0.5805059049091295-0.4618215864723889j), (-0.14509300184317886+0.566759890625546j), (-0.6969696015585443-0.5574273811974759j), (0.847149394076081-0.18105542136694774j), (-0.8641668705548329+0.6183423204844611j), (-0.3495595309793842+0.8518784735685105j), (-0.1998505469683418+0.2432188246872653j), (-0.9440543021499457+0.32618862352411115j), (0.18174981916283617+0.9264133630948383j), (-0.6855949382741726+0.623808717104348j), (-0.9814847690442257+0.15958760365352576j), (-0.4154914280967159+0.02090293425529266j), (-0.7519568519295441+0.3635796052248359j), (-0.7744510709418158-0.2215432937378956j), (-0.5076848148148523+0.3530797538168593j), (0.6513187586146749+0.9109679556028423j), (-0.5465160941938898-0.7376266821173143j), (-0.26109939213474775+0.5713502853885541j), (0.4060506429418598+0.7819973178152015j), (-0.9651007723227794+0.847924411772575j), (0.14467989570875606+0.14058699249905415j), (-0.6122682592705053-0.31510799931317046j), (-0.12750059005556302+0.9850312516533883j), (-0.6234671456122627-0.40836207036271177j), (-0.09010877319311161+0.610024828296643j), (-0.9346633563824533-0.9894199909766681j), (0.7186890963168617+0.9630718337292494j), (0.899195494931091+0.5938075150549322j), (-0.6254737705096705+0.5563678795896667j), (0.9684961899740914+0.49470038927649873j), (-0.8913843147012941-0.017381822945696568j), (0.7206660315209334-0.48836936598208824j), (-0.6240759231057762-0.7235607629233409j), (-0.2873173624305718+0.1333583982623392j), (-0.4385453817354259-0.5505605692228288j), (-0.07095892339623644+0.8122736940948381j), (-0.5882265192739566-0.9125595948821636j), (0.4610588692893858-0.8689691932166685j), (-0.7155309595767427-0.5682345603757257j), (0.6454856015048347+0.14600941633109032j), (0.23803597088239292-0.6156256083557732j), (0.40897128899255875-0.14895631904232176j), (-0.5576368486592436-0.9836274895747159j), (0.49640793866793187-0.7721826621518821j), (0.7186015820782443+0.347385889962051j), (-0.3864377778267172+0.12314784242491461j), (0.2268217966376498+0.15606155287520673j), (-0.25194671912470423-0.8735311706866751j), (-0.7355617425844854+0.44584545648108764j), (0.21345307537391078+0.8319129909248282j), (0.21418568243153868-0.07275777125103966j), (0.1509798830932665+0.3994229544557151j), (0.7273781128359098+0.6614810071208297j), (-0.8389183126160937-0.3117590499493976j), (0.3803819334493823+0.6466111088007569j), (0.20051560309397898+0.8352808422516311j), (0.17705643808984806+0.18192936988946196j), (-0.30693798100158354-0.684332949917533j), (0.6214703759148741-0.31023030338293545j), (-0.8853835775975174+0.6379341860541163j)]"
5/5/2023 0:06,70000000,-1,8PSK,500000,"Patna, Bihar",Halow-U,Omnidirectional,35,38,0,28.68264721,Cloudy,Intermodulation,100,TRUE,0,28.3,-99,18.5,4.30078125,25.612677,85.158875,59.46,,Transmitting beacon signal,"[(0.12709847544152275-0.3858077463718321j), (-0.46833238098855023-0.7855238277970202j), (-0.5941104340510137+0.9475560169036805j), (-0.2005527215348082-0.0015194062843089107j), (0.4496138143609838-0.2916108925208183j), (0.4910051874348407+0.7419543334324636j), (0.6144959076657945-0.8039995572946208j), (-0.8056304981976588+0.7133974626416815j), (-0.6024052448446677-0.24401710035855828j), (-0.5007965317673613-0.9382086682701825j), (-0.9010041644324918+0.9113608607477388j), (0.1794917475169051-0.61747817962579j), (-0.5503803952423552-0.48416410515248076j), (0.46511008761779826-0.8345160548816524j), (0.069724652587841+0.016654222106298633j), (0.5746752632699719-0.03683261245981995j), (-0.35385695550242446-0.9425141211071706j), (0.8149600049663472+0.9064488994552127j), (-0.9789122242712365-0.36794217054809697j), (0.29920171165179354-0.23283648594493322j), (0.9830334022997154+0.7099204179373466j), (0.1191736435403632-0.7821855634847716j), (0.40380916521638555-0.11028590620971901j), (-0.6974319889739322-0.9472655857792791j), (0.16568905681533153+0.20105777715078776j), (0.1019723684062055-0.6918218433781604j), (0.19284514427739952+0.6743075838328434j), (-0.22160995070533063+0.07257698590817352j), (-0.9053072684035581-0.8615560641410882j), (-0.7925430087880061-0.7713604662469977j), (0.017824914419346527+0.09219105925485205j), (0.25425450802285066-0.9184910366800623j), (-0.3557131103277844-0.9927135601313017j), (-0.6599465421375055+0.3962652853857853j), (0.5555826078419239+0.5459785526194263j), (0.33497748546828254+0.5894512476897675j), (0.46543202398678707-0.7855409430408868j), (-0.41803928144452374-0.8835585902442733j), (0.2532278101891443-0.6778516411538191j), (-0.11730520184610027+0.2082894214723725j), (0.5664935159894975+0.6356417593485972j), (-0.9503969639546928+0.0005964166397984805j), (-0.9678877225431615-0.6117660258129682j), (0.9441014539551511+0.2525655480586373j), (-0.5340682960437708-0.7365802582663434j), (0.13639634246925647+0.12868181376342314j), (0.7034672191237064-0.7580950056767024j), (-0.7013671532102426+0.46142578700894443j), (0.7066100312361492-0.3072247845313145j), (-0.007526818875301267+0.6416991496118023j), (0.5621284231025083+0.3940896890893544j), (-0.6021770600704912-0.7843031130025246j), (-0.2228597859786361-0.6810802311594621j), (-0.07809433031362856-0.8614096744913842j), (0.0325555372200681+0.7882643268625735j), (0.9746557656142338-0.6596281601682772j), (0.2195040117147149-0.5507055545526394j), (0.4105175027595136+0.32199889932550385j), (0.896835499001073+0.28341569936108746j), (-0.7842232164681795+0.48011320778939814j), (0.22171589995737762-0.46813045103473705j), (0.5334604467841364+0.5395344907385002j), (-0.27154052116436644+0.7963533010260229j), (0.46934241663620657-0.7505062911575153j), (0.8463059967495075-0.4296173230444802j), (0.5952440651350821-0.7774365485944159j), (-0.47891372235085505-0.8390677495233823j), (-0.9893246264755633-0.42038849639428766j), (0.2007769028737456+0.2622129629337322j), (-0.3914644413143582+0.7823046914765786j), (0.4137194517169751-0.9126416493954239j), (0.06877789099627063+0.6489191017916558j), (0.4585694482621425+0.261674737967307j), (-0.04975811624960369-0.4611560444045506j), (0.0967446093525437-0.6526577612567108j), (0.6943093917487952+0.7712738222239186j), (-0.5877304678237869-0.215763374357276j), (0.5990020369253268+0.7624104743988525j), (-0.24743098199015034-0.9712323934410438j), (0.7535007426991447-0.19554073342047107j), (-0.404617960438979+0.3021313858841226j), (0.5088248194858245+0.6822049967168546j), (0.4653316736787976-0.6603009488088036j), (0.9264953146836412-0.5580434169123498j), (-0.8525663625887439+0.7341690712865045j), (-0.241973945553136+0.9980912182790767j), (0.6191280419706815-0.48286346126828184j), (0.7930372381177675-0.15282932646861025j), (-0.24473689213399408+0.859231449738928j), (-0.34516582076551905+0.47959649244200775j), (0.6645438031882771-0.9629656935090434j), (-0.3473294993870024+0.7204161251978529j), (-0.8980453927727567-0.04173564841553201j), (0.3251105612650891+0.07512339064562656j), (-0.21386491675651187+0.42344966439797926j), (0.67850709084771-0.880870056036902j), (0.5923268948029126-0.6986216757447159j), (0.34993566212057514-0.26982328104015574j), (0.32797213771497424-0.9556872806505525j), (-0.0738232529075673-0.8897527848405056j)]"
5/5/2023 0:06,100000000,-41,AM,200000,"Patna, Bihar",HackRF,Yagi,37,21,18,14.14593781,Rainy,Adjacent-channel,100,TRUE,0,28.3,-37,18.5,4.30078125,25.612677,85.158875,59.46,,Streaming I/Q data,"[(0.23897007238853574-0.9146196135487725j), (-0.4294008102963949+0.674771758610399j), (0.05806505165830833-0.700293443196464j), (-0.5987484104493777-0.052114002123431424j), (-0.4012738689168738-0.1871222571223301j), (-0.5030898955525573+0.6918148859200934j), (-0.8248213998929184+0.948964175040661j), (0.5725718233835995-0.22025547495547992j), (0.22835400832303265+0.07211096858411814j), (0.6048131468784073+0.7994399528175107j), (-0.11292427392057491+0.8690122278884995j), (0.9791439684187118+0.2904558677990525j), (0.26670385131818475+0.37899128824191j), (0.95334403898234+0.22458479458795422j), (0.5779744764300532-0.05716235876550568j), (0.28216223721011247+0.145818787997533j), (0.030916929071847177+0.34823441878461336j), (0.7753235511958685+0.3879778037426105j), (-0.6313056757993467-0.13512514616265014j), (0.15349786073883864+0.2870685713411094j), (0.22842992588788014-0.12343232865854037j), (0.045882752254187587+0.44097164630510277j), (-0.565570440874825-0.376205864025672j), (-0.11017295932132232+0.6988799768690526j), (0.8297328193797162+0.34577500468809097j), (0.9152438637883644+0.06490657574246783j), (0.6025321871281846+0.7393417299773088j), (0.20912252985475877-0.24686312088413476j), (0.03751144263761397+0.21460884698523053j), (-0.9480353015795109-0.655840160790707j), (0.7249923437438937-0.8159953399323083j), (0.39724916814895983-0.8765759389322463j), (-0.39023198572122664-0.8198909155279999j), (-0.009697141390347275+0.9597018998933804j), (-0.4795826434660502-0.3706073067200488j), (-0.6354502458564295+0.9712560830129124j), (-0.2325333315359639-0.02225586620153397j), (0.5101144972041927-0.5467762262119649j), (0.08667229573615187+0.5501334790277306j), (-0.8963729161129355-0.5021283805683887j), (-0.8992462474410825-0.38560907645966247j), (-0.7482565189518988+0.6873867289682158j), (-0.2750225993071722+0.8926298401988146j), (-0.418546453785825+0.11138652082707612j), (0.6358738857178978-0.6689425455714086j), (0.8395420050836497-0.9256303806641932j), (-0.6414759144769138-0.6899414998747309j), (0.05001963078132321+0.7067617535738868j), (0.4264358217631137+0.8789052590041451j), (-0.9008156448660396-0.2885152553283614j), (0.7327974454903357+0.9614294411568887j), (-0.9671337960565427-0.07770325691153435j), (0.24629638070817372+0.8287729950219045j), (-0.7198085916441284+0.27989257867384243j), (-0.26588204913237523-0.7310961953964998j), (-0.1525095049041043-0.9224909325078179j), (0.9180994004775889+0.4319015593131845j), (0.48179591242059816+0.3131546364892035j), (-0.0889718310794716-0.9782167476005628j), (0.27631211737748385+0.024582030186045767j), (0.6508093350188722+0.9885909383127784j), (0.32892147627490664+0.26114738411369975j), (0.19812109461080607+0.7664846820550941j), (-0.9739049309846797-0.827559630102205j), (0.2935866762635244+0.9245206549145497j), (-0.9300630733440527-0.1943282855796029j), (-0.21706257063336376+0.0232796022607189j), (0.9236338717921531-0.41857316747258433j), (-0.5364403400965994+0.9906655942136793j), (0.045833069516937996+0.19590822504999772j), (-0.8099839184696942-0.6478491480650579j), (-0.9472692995255207-0.6795618916803015j), (0.26156639648028435+0.14110853996738726j), (-0.005243055165411681+0.5298003650884622j), (-0.10973583095308359+0.2528204254835036j), (-0.823391201738219+0.4392459892965075j), (0.16457054797400628-0.8807556555165295j), (-0.9942153165754082+0.1370045879449977j), (0.4528778801982931+0.7643264932108382j), (0.7606947604823862-0.6319761801149346j), (0.32124879903315384+0.43010352711285793j), (0.6300523299824914+0.03260732540744393j), (0.990542832069375+0.5112420118974681j), (0.3505095049037532+0.25360750740362836j), (-0.10158811731515227+0.3215878720377212j), (-0.01611928860080014+0.8573029935867842j), (0.9221961840609239-0.0002899417173789498j), (-0.3797615680560489-0.7015389488222443j), (0.8892845807634953-0.327077979665245j), (-0.37417047197876796+0.8731335737827395j), (0.2935947784477422+0.05765184485799746j), (-0.16136660880166076+0.40388505678164677j), (0.4736739969183912-0.4778656848448337j), (-0.4099301063467131+0.08045384742253803j), (0.11498962441052196+0.9239543901555487j), (0.37097207326641546-0.7803751666078169j), (-0.9161128080560077+0.204956128777799j), (-0.4197733410370985-0.4544824237300571j), (-0.07154497559364126+0.14401714582855063j), (-0.8256900456863323-0.16325256065636307j)]"
5/5/2023 0:07,90000000,-27,BPSK,100000,"Patna, Bihar",HackRF,Dipole,24,45,1,22.93690561,Sunny,Adjacent-channel,100,TRUE,0,28.3,-97,18.5,4.30078125,25.612677,85.158875,59.46,,Streaming I/Q data,"[(0.34265100492987743+0.44429888753722246j), (-0.8344947074403051+0.6878745923849168j), (0.6608251416150079-0.8438490009833417j), (0.10845385221852188+0.7119552684196437j), (-0.08589022341014907+0.9883636787948391j), (0.35834244662574255+0.46565078304285046j), (-0.690753618799679-0.608592260246386j), (0.4190100218257571-0.8748817309972359j), (-0.49138376703899533+0.9660608511711266j), (0.9551509452550655+0.5058624331052433j), (0.34573844674616394-0.9125324539125843j), (-0.8341093219245024+0.11083470385708427j), (0.2130597283491058+0.4774071631615766j), (-0.44938575079179244+0.6622230839363341j), (-0.903920686896196+0.4553524328744618j), (-0.08548791969452418+0.8242154758587934j), (0.41033794070350615-0.10497848094392825j), (0.2391698829035973+0.5291700489949343j), (0.07754436243041551+0.14723727035665068j), (-0.6754341185208192+0.9567412030220186j), (-0.9024629584849113+0.8483913139308414j), (-0.6653215264403849-0.03075975928512209j), (-0.6008637151954461+0.805578230237616j), (-0.771168263773236-0.8454016955541741j), (0.24370982018521214-0.07992480063419127j), (0.019992215577852468+0.5918853783585396j), (0.2434700073785412-0.27328265662529083j), (-0.6567696128394436-0.6507329696185886j), (0.8166136855319044+0.06270609030952734j), (-0.7505076281734337-0.5512794573019293j), (-0.6516996659898098-0.5559659131914974j), (-0.3385384943139478+0.3899072486544648j), (0.2726878772430621+0.8461462823061963j), (-0.3084472756319858-0.49067090493428434j), (-0.6868416632428125-0.5454930297836034j), (-0.2692459715016775+0.417679612885852j), (-0.6749347809791915+0.26914076563486855j), (-0.2720790756868201+0.3310800202284212j), (0.2572194293762611+0.41168319616989835j), (-0.04386210583433048+0.8400509979259478j), (-0.7997551799058304+0.5831493595951343j), (0.6978493999556283+0.4712515870390088j), (0.14117514179193136-0.7685584748124412j), (-0.5626267828028466+0.30831036708945003j), (-0.6180139526793555-0.967733921381468j), (-0.867703941228877+0.6877456652919687j), (0.11772316098676705-0.5900678035513987j), (0.4835903799496888+0.12384243167018494j), (-0.7529869470148864-0.5354775105816132j), (0.6938290382991268-0.4731589489805732j), (0.09721927108460027-0.0768488814626449j), (0.5188419127043553+0.20104593933351533j), (-0.8791194371977842+0.6413723299410956j), (-0.815190984679141-0.27764672917588573j), (-0.6431811882129688+0.7051400995603214j), (0.6673886021015001+0.5390040160858487j), (0.5552801889337389+0.6977804490705053j), (0.8647280200175194+0.19519598228811708j), (0.90802064951557+0.23351605986035673j), (-0.12268440449177365+0.029609769133128516j), (0.07685747805236143-0.5647231493947353j), (-0.6561603308123523-0.7788258119755798j), (0.7756487165153216+0.8977188608495803j), (-0.6455129484102824+0.2531748113883634j), (0.9076827834438477-0.9592714524761916j), (-0.22504923518617792-0.7532601488270816j), (-0.3535478170642148+0.3944720751021449j), (0.8334356583386322-0.6789661705248369j), (-0.9166637497585897+0.2272758163526012j), (0.587010462085342-0.8730854951531404j), (0.015737585184864455+0.79597298310555j), (0.8954597539196922-0.828384327683334j), (0.6768691370753535-0.5766502122208719j), (0.8739215695117857-0.022878095473394033j), (0.4850660850060484-0.6737311739200162j), (-0.7964418390079178-0.06392465455152241j), (-0.8216270186730579+0.5939888770448285j), (-0.3772985567152092+0.9839704426333167j), (0.5008349931955296+0.7441793809808828j), (-0.08906073640172374+0.2619179832443628j), (-0.044788341490180184-0.7666831446453557j), (-0.6334686634804987+0.24587185401453082j), (-0.5765280882720882-0.996103768003096j), (-0.983456395016721+0.025600139762245844j), (0.5951346021364503+0.355960663807372j), (-0.36513902033436874-0.10002625670644405j), (0.8491587078158054-0.7959846104716979j), (0.3170384083545441-0.26231321632103954j), (0.7000026314676735-0.6216658414633471j), (0.26728840636517415+0.9706509739677152j), (0.7767548790262973-0.231648538946855j), (0.14636794484986648+0.9865246732981954j), (0.5213374110790598-0.9302602171056646j), (-0.6000683615905551-0.1299463573538986j), (0.2776987143479004+0.3695871685185046j), (-0.37541496895673343+0.6475669714799399j), (0.03609499191664867-0.517248020976113j), (-0.2506416525063029+0.039333001986676j), (-0.5286195547445485+0.5116167938247558j), (-0.8381848560071776+0.3022948123389604j)]"
5/5/2023 0:07,140000000,-80,BPSK,10000,"Patna, Bihar",HackRF,Omnidirectional,33,38,0,32.22374439,Sunny,Adjacent-channel,100,TRUE,0,28.3,-43,18.5,4.30078125,25.612677,85.158875,59.46,,Streaming I/Q data,"[(-0.9553796967958064-0.9864842789780239j), (0.7412768261462654-0.5830464069012655j), (-0.30571517385039293-0.7009438908138965j), (-0.11818343232196882+0.1893420742191212j), (-0.3109903501749389+0.8710650096714219j), (-0.6441274844299916-0.2770775426511063j), (0.49767786750128695-0.9220223214242469j), (-0.5079755805601973-0.04178968328087862j), (0.0195410226041699-0.6434828864211619j), (-0.8890923743757067-0.15934897937089842j), (-0.9827450868913075+0.22464888255265048j), (-0.6265705506657275-0.37500521602025816j), (-0.04660432410925952+0.8286772738966501j), (-0.3075894873860714-0.5533385599171496j), (0.37976109423090465+0.3095567150986227j), (0.8907807640346881-0.45445243972939475j), (-0.7534841874870837+0.27261501177062586j), (-0.9562220471974026+0.3500681938766854j), (-0.5175283680340417-0.4516110418575805j), (0.34749651691135197+0.38803095030514534j), (0.3033606916388545+0.1280065341807004j), (-0.9284600151628875+0.8731078107542458j), (-0.5926594186958525-0.020541337707291163j), (-0.22885064103289143-0.3226646096164587j), (-0.6910776875726738+0.040563120678784204j), (-0.24308382815203755+0.33091254692922134j), (-0.41887574546798634-0.8202371463831086j), (-0.9110895228685951+0.42230424089948104j), (0.8226778512853796-0.37391629701156304j), (-0.8519583793019165-0.4855451868688063j), (-0.9930986442988865-0.742586687621982j), (-0.13849565412358267-0.8297867465703732j), (-0.362118760574458+0.8094254245170569j), (0.10466295890842092+0.5387288287577006j), (-0.5991094658591589-0.8412971258468842j), (-0.4422928524688008-0.2165307891949313j), (-0.4498758658128854-0.7563314155773819j), (0.8465859007477818-0.8959435890463618j), (-0.6952863047616544-0.24204316986879681j), (0.7741412580011566+0.4288814025454497j), (0.5063908828132515+0.6607106343669054j), (-0.670468320053293+0.11036641552719706j), (-0.431193323517979+0.31338186175976035j), (0.31970811253202647+0.9736799141294323j), (-0.6322615416582458+0.06924781313649708j), (-0.13553871610117763-0.5329212071205238j), (0.6889265473436812-0.9125812289691801j), (-0.626093920408809+0.9780560546684567j), (-0.8563848934628266-0.09088584287950363j), (0.6613386830561672-0.1927366020257717j), (-0.03543880384441889+0.6720586857396198j), (-0.8436423457522015+0.989295864604776j), (-0.32020555125716-0.8311770249618677j), (-0.12492645035295258+0.49234194571560264j), (0.8243421706674772+0.9040597682440339j), (0.5073372976807753-0.6300601294205879j), (0.9841332518318355-0.9736150590013011j), (-0.8472684954512941+0.06070051210314453j), (-0.3290579016964872+0.1970008451807772j), (-0.17800403473724558-0.048753533453780085j), (-0.4066525303218613-0.007773513651693209j), (0.06874116824379883-0.4027556788330793j), (-0.27892573187137315-0.5667561679247357j), (-0.7840665185679081-0.8482403184419667j), (0.4103889510456542-0.7014720912331287j), (0.7029036660551293-0.5389985844578906j), (0.7981271732797506-0.7624729555154031j), (-0.6290647577676767+0.5779659461992424j), (0.6960985439541163+0.9181132325902288j), (-0.5107645675081074-0.7603796053187155j), (0.23451132789922036+0.3280329310957115j), (0.43217033566898566+0.2862879334719346j), (-0.09316204604501155-0.18866990253175397j), (0.7537859567329503-0.08697713873735569j), (0.8077999588332025-0.259456333404362j), (-0.060887970887782084+0.351030501687132j), (0.6106788194633557+0.7546194530717609j), (0.539820670782754-0.9511992116902774j), (0.6255907389810831+0.47565749391280376j), (0.7327627306191982+0.7411090271738598j), (-0.5214449294520549-0.14030932515953953j), (-0.2775040337571455-0.32087013521955954j), (-0.532825808967998-0.5406516691528551j), (-0.2672165272632625+0.23364797552702377j), (0.9509343431276451+0.2945472401914693j), (-0.6042650591456775+0.09711453974511741j), (0.9703917367523984+0.15422509094867376j), (0.10766958735246357+0.8727351426194518j), (-0.16956564559692322-0.29054333351896977j), (-0.62275043069147-0.813754426825064j), (-0.2540167967813911+0.7205816755872938j), (-0.8754547069912488+0.6003107096081559j), (0.9779264708324835-0.8915992882262469j), (-0.5147033510337766+0.37897995044624233j), (0.15081312010221581+0.18521403003160763j), (-0.018694694905042608+0.5643684910735565j), (0.840724638668028+0.18269366134370046j), (-0.5006836453826051+0.5606617327137176j), (0.8573164699701863+0.2240994837277881j), (0.3923197190609946+0.3557082661779172j)]"
5/5/2023 0:07,100000000,-3,AM,500000,"Patna, Bihar",Halow-U,Yagi,31,60,15,19.29757655,Sunny,None,100,TRUE,0,28.3,-1,18.5,4.30078125,25.612677,85.158875,59.46,,Transmitting beacon signal,"[(-0.5191785201968055+0.6194112759576242j), (-0.8745921877625933+0.2861591407178785j), (-0.41436051844300037+0.09548182503192182j), (0.627092671058276+0.49364594474333523j), (-0.06326328195440456-0.7301895175955202j), (0.2727062947871981+0.684404828536286j), (-0.42304176139619654-0.211296031931125j), (-0.9064735433439817+0.6155857470018558j), (0.620397354227427+0.594580176817243j), (-0.6666743575863772+0.7218639619782199j), (-0.23985254743316942+0.3448518089295485j), (-0.7447951509438995-0.3174869210812976j), (-0.8448259180494619-0.16635464971538916j), (-0.16942979302088368-0.19571644901680996j), (0.5625488992609669+0.16890122357313953j), (-0.15224270975153087+0.2945418834268647j), (-0.5398701137011419-0.5909537463174268j), (0.3000833539865515+0.03968784842930573j), (0.7064229996341709+0.7274266127910394j), (0.37234753894193084+0.8703526221440556j), (0.2200852494582901+0.5961407594115042j), (0.01751441819172972-0.2107546180630988j), (0.8735473461216274+0.764471016856221j), (0.9754179075088141+0.709779170454149j), (0.6842220452518044+0.06384842613584207j), (0.19694705902990695-0.6622635348176384j), (-0.18077384542346953-0.4298941062491919j), (0.9823137260147439-0.9728882804661096j), (0.6112141307104013-0.38131218982107984j), (-0.013772369493641357-0.3510368974799005j), (-0.09592921463426674+0.2269351889749065j), (0.25322204669575377-0.7970500787465118j), (0.3966848055802128+0.5576958176385578j), (0.3637838716161268-0.45290377606522125j), (0.25477681074780967+0.5602174208246031j), (0.3114797304575838+0.638065056544955j), (-0.06050777215854697+0.20773465813864345j), (0.8702088301362103+0.46818391414296867j), (0.827803902445013-0.5900763986680151j), (-0.41130664011145845+0.026909736756199454j), (0.9461218299297349-0.7450161616898403j), (0.5055338907868054-0.33335632030983886j), (0.6101764699469143-0.5201038612165079j), (0.6939763822645686-0.3973578179687667j), (0.08868566566991798+0.20802525830407448j), (0.7358059040791123+0.4594112376413022j), (0.6834860325384273-0.8942353174274111j), (-0.3978373512011866-0.08228668537736783j), (-0.337476936652666-0.11014097611896845j), (0.06412530178139142-0.3342638760131149j), (-0.765971068393474+0.4363932957653409j), (0.26350988758971394-0.24175108781771537j), (-0.8362622526667276-0.8671670918461223j), (0.325712904122184-0.28689959433806766j), (-0.5307083563715194+0.9234290199801722j), (0.7350235228498723-0.09485975504000055j), (0.804250269473487+0.4239475941679045j), (-0.5470183974932141+0.8911287084219721j), (-0.09024455463068248-0.34603884409047625j), (0.9866821605791769+0.757617855835143j), (-0.6085190448881053-0.38605571064733746j), (0.12215322324124944+0.5693525509523005j), (-0.17654110212585783+0.6928342675795638j), (0.6838603378595005+0.4178892881647185j), (0.424568280214108-0.7503031605099619j), (-0.7260228506967592+0.5492949521823873j), (-0.04363592664459559+0.374002101371969j), (-0.7205088262746986-0.43299838473131547j), (-0.39250091729233794+0.7420806455244187j), (-0.8827889960097435+0.9943586338892145j), (-0.6596285066411698+0.7654851510099616j), (-0.9455633450602654-0.867868351316093j), (-0.46120511788596064+0.970622959006546j), (-0.18386476399050222+0.13068992708186866j), (-0.9363071442345046-0.9637383350155129j), (0.1327905410801673-0.620230958271865j), (0.9650257728438794-0.14567489683608814j), (0.9911742521229243+0.45249056491020667j), (0.9489042319764931+0.4990777167629943j), (-0.09767934080033558-0.3966971628671425j), (-0.046013539735504594+0.43705034371620677j), (0.2281557076119738-0.967550611385761j), (0.4853537412146878+0.13562095648841765j), (0.7921285287598914+0.9229328387646123j), (-0.28920109934271054+0.2859874780489142j), (0.8624891095686873-0.5475486770186508j), (0.07757701237971659-0.019170396496300368j), (0.12937683857847615-0.05137980006537757j), (-0.18807094491838638+0.5757984107809713j), (-0.7384595493224835+0.28861861997009197j), (-0.7261919042820861-0.35750483967059155j), (0.4549132694067941-0.21373963087802372j), (-0.9914274615663914-0.7430532604217432j), (-0.6632847184323125-0.1764527048709048j), (0.8989343447088796-0.9162090372521792j), (-0.40560499296410324+0.4764057856053934j), (0.7290768063580975-0.5490930802478242j), (-0.10586982854070781+0.40207174162760095j), (0.26093231503143466-0.6493169917038917j), (0.8940312528797629+0.10070729368323628j)]"
